-- phpMyAdmin SQL Dump
-- version 4.9.3
-- https://www.phpmyadmin.net/
--
-- Host: localhost:8889
-- Generation Time: Jan 06, 2021 at 03:22 PM
-- Server version: 5.7.26
-- PHP Version: 7.4.2

SET SQL_MODE = "NO_AUTO_VALUE_ON_ZERO";
SET time_zone = "+00:00";


/*!40101 SET @OLD_CHARACTER_SET_CLIENT=@@CHARACTER_SET_CLIENT */;
/*!40101 SET @OLD_CHARACTER_SET_RESULTS=@@CHARACTER_SET_RESULTS */;
/*!40101 SET @OLD_COLLATION_CONNECTION=@@COLLATION_CONNECTION */;
/*!40101 SET NAMES utf8mb4 */;

--
-- Database: `test`
--

-- --------------------------------------------------------

--
-- Table structure for table `activities`
--

CREATE TABLE `activities` (
  `id` int(10) UNSIGNED NOT NULL,
  `name` varchar(255) COLLATE utf8mb4_unicode_ci NOT NULL,
  `date` date NOT NULL,
  `location` text COLLATE utf8mb4_unicode_ci NOT NULL,
  `image` text COLLATE utf8mb4_unicode_ci NOT NULL,
  `description` longtext COLLATE utf8mb4_unicode_ci NOT NULL,
  `fee` bigint(20) NOT NULL,
  `accompany_parent` int(11) NOT NULL,
  `created_at` timestamp NULL DEFAULT NULL,
  `updated_at` timestamp NULL DEFAULT NULL
) ENGINE=InnoDB DEFAULT CHARSET=utf8mb4 COLLATE=utf8mb4_unicode_ci;

-- --------------------------------------------------------

--
-- Table structure for table `admission_records`
--

CREATE TABLE `admission_records` (
  `id` bigint(20) UNSIGNED NOT NULL,
  `kid_name` varchar(255) COLLATE utf8mb4_unicode_ci NOT NULL,
  `nickname` varchar(255) COLLATE utf8mb4_unicode_ci NOT NULL,
  `address` varchar(255) COLLATE utf8mb4_unicode_ci NOT NULL,
  `date_of_birth` date NOT NULL,
  `gender` int(11) NOT NULL,
  `grade_id` varchar(255) COLLATE utf8mb4_unicode_ci NOT NULL,
  `parent_name` varchar(255) COLLATE utf8mb4_unicode_ci NOT NULL,
  `phone` varchar(255) COLLATE utf8mb4_unicode_ci NOT NULL,
  `email` varchar(255) COLLATE utf8mb4_unicode_ci NOT NULL,
  `status` int(11) NOT NULL,
  `created_at` timestamp NULL DEFAULT NULL,
  `updated_at` timestamp NULL DEFAULT NULL
) ENGINE=InnoDB DEFAULT CHARSET=utf8mb4 COLLATE=utf8mb4_unicode_ci;

--
-- Dumping data for table `admission_records`
--

INSERT INTO `admission_records` (`id`, `kid_name`, `nickname`, `address`, `date_of_birth`, `gender`, `grade_id`, `parent_name`, `phone`, `email`, `status`, `created_at`, `updated_at`) VALUES
(2, 'Trẻ 1123123123123', '3123123', '12312', '0123-02-13', 4, '4', 'asdasdas1232', '0987654323', '3123123@gmail.com', 1, '2020-12-20 03:06:26', '2020-12-20 05:59:52'),
(3, 'Trẻ 1123123123123', '3123123', '123123', '0123-02-13', 4, '4', 'asdasdas1232', '0987654323', 'anhquanvu923127@gmail.com', 1, '2020-12-20 03:19:54', '2020-12-20 05:59:56'),
(4, 'Nguyen van a', 'boong', 'xã Mỹ Lương - huyện Chương Mỹ - Thành phố Hà Nội', '2020-12-16', 1, '3', 'Ngiuyen Van', '0853159094', 'hangntph07648@fpt.edu.vn', 1, '2020-12-21 00:59:12', '2020-12-21 01:00:29'),
(5, 'Phạm văn minh', 'minh minh', '193 quan hoa,cầu giấy', '2020-12-12', 1, '3', 'sdqq qqweq ưqeqwe', '0334534504', 'phamvkhai20@gmail.com', 1, '2020-12-21 02:03:41', '2020-12-21 02:06:27'),
(6, 'nguyễn thị hà', 'mèo', 'Xóm Giữa,Xã Tốt Động, Huyện Chương Mỹ,Thành phố Hà Nội', '2000-12-06', 1, '4', 'Trần văn hoán', '0853159094', 'khaipv2fff@smartosc.com', 1, '2020-12-21 06:51:09', '2020-12-21 06:51:38'),
(7, 'Trần Thị Phượng', 'Hehe', 'Trung Kính', '2020-12-15', 1, '3', 'Nguyễn Thị Hà', '0384090401', 'hantph07724@fpt.edu.vn', 1, '2020-12-21 07:06:36', '2020-12-21 07:08:56'),
(8, 'Tùng', 'Bốp', 'Hà nội', '2016-09-06', 1, '4', 'Trần Thị Loan', '0334534505', 'hungndph07506@fpt.edu.vn', 1, '2020-12-21 09:10:47', '2020-12-21 09:11:18'),
(9, 'tôi là tồi', 'tồi là tôi', 'ở đâu', '2021-11-21', 1, '5', 'bố tôi', '0988978668', 'minhdq8@fpt.edu.vn', 1, '2020-12-21 09:24:32', '2020-12-21 09:25:58'),
(10, 'Đỗ Ngọc Huy', 'test', 'Ha Noi', '1997-12-07', 1, '5', 'Đỗ Ngọc Huy', '0979725163', 'kakalovekit0123456789@gmail.com', 1, '2020-12-22 04:43:30', '2020-12-22 04:45:12'),
(11, 'Đỗ Ngọc Huy2', 'test', 'Ha Noi', '1998-12-08', 1, '5', 'Đỗ Ngọc Huy', '0979725163', 'kakalovekit0123456789@gmail.com', 1, '2020-12-22 04:48:43', '2020-12-22 05:02:30'),
(12, 'khai  sadasd sadas', 'gg ssdasd', 'Xóm Giữa,Xã Tốt Động, Huyện Chương Mỹ,Thành phố Hà Nội', '2020-12-20', 1, '4', 'sdsd fgdfg fdgfd', '0334534506', 'khaipv2@smartosc.com', 1, '2020-12-22 11:23:10', '2020-12-22 11:23:44'),
(13, 'Ngô Văn Long', 'Long', 'Hà nội', '2200-01-11', 1, '3', 'Ngô Văn Long', '0973216831', 'long24265@gmail.com', 0, '2021-01-06 14:41:40', '2021-01-06 14:55:09'),
(14, 'Ngô Văn Long', 'Long', 'Hà nội', '2021-01-08', 1, '3', 'Ngô Văn Long', '0973216831', 'long24265@gmail.com', 0, '2021-01-06 14:46:35', '2021-01-06 14:55:10');

-- --------------------------------------------------------

--
-- Table structure for table `assignment`
--

CREATE TABLE `assignment` (
  `id` int(10) UNSIGNED NOT NULL,
  `school_year_id` int(10) UNSIGNED NOT NULL,
  `class_id` int(10) UNSIGNED NOT NULL,
  `teacher_id` int(10) UNSIGNED NOT NULL,
  `created_at` timestamp NULL DEFAULT NULL,
  `updated_at` timestamp NULL DEFAULT NULL
) ENGINE=InnoDB DEFAULT CHARSET=utf8mb4 COLLATE=utf8mb4_unicode_ci;

--
-- Dumping data for table `assignment`
--

INSERT INTO `assignment` (`id`, `school_year_id`, `class_id`, `teacher_id`, `created_at`, `updated_at`) VALUES
(6, 10, 20, 3, '2020-12-21 04:12:06', '2020-12-21 04:12:06'),
(12, 10, 19, 6, '2020-12-21 04:48:22', '2020-12-21 04:48:22'),
(13, 10, 19, 5, '2020-12-21 04:48:22', '2020-12-21 04:48:22'),
(14, 10, 24, 7, '2020-12-21 07:20:13', '2020-12-21 07:20:13'),
(18, 10, 18, 1, '2020-12-21 07:24:34', '2020-12-21 07:24:34'),
(19, 10, 18, 4, '2020-12-21 07:24:34', '2020-12-21 07:24:34');

-- --------------------------------------------------------

--
-- Table structure for table `attendance`
--

CREATE TABLE `attendance` (
  `id` int(10) UNSIGNED NOT NULL,
  `kid_id` int(10) UNSIGNED NOT NULL,
  `class_id` int(10) UNSIGNED NOT NULL,
  `date` date NOT NULL,
  `status` int(11) NOT NULL,
  `note` text COLLATE utf8mb4_unicode_ci,
  `arrival_time` time NOT NULL,
  `leave_time` time NOT NULL,
  `meal` varchar(11) COLLATE utf8mb4_unicode_ci NOT NULL,
  `teacher_1` int(11) DEFAULT NULL,
  `teacher_2` int(11) DEFAULT NULL,
  `created_at` timestamp NULL DEFAULT NULL,
  `updated_at` timestamp NULL DEFAULT NULL
) ENGINE=InnoDB DEFAULT CHARSET=utf8mb4 COLLATE=utf8mb4_unicode_ci;

--
-- Dumping data for table `attendance`
--

INSERT INTO `attendance` (`id`, `kid_id`, `class_id`, `date`, `status`, `note`, `arrival_time`, `leave_time`, `meal`, `teacher_1`, `teacher_2`, `created_at`, `updated_at`) VALUES
(2, 27, 19, '2020-12-20', 1, NULL, '11:16:12', '00:00:00', 'on', 6, NULL, '2020-12-21 04:17:05', '2020-12-21 04:17:05'),
(3, 28, 19, '2020-12-20', 1, NULL, '11:16:12', '00:00:00', 'on', 6, NULL, '2020-12-21 04:17:05', '2020-12-21 04:17:05'),
(4, 29, 19, '2020-12-20', 1, NULL, '11:16:12', '00:00:00', 'on', 6, NULL, '2020-12-21 04:17:05', '2020-12-21 04:17:05'),
(5, 32, 19, '2020-12-20', 0, NULL, '00:00:00', '00:00:00', 'off', 6, NULL, '2020-12-21 04:17:05', '2020-12-21 04:17:05'),
(6, 33, 19, '2020-12-20', 0, NULL, '00:00:00', '00:00:00', 'off', 6, NULL, '2020-12-21 04:17:05', '2020-12-21 04:17:05'),
(7, 35, 19, '2020-12-20', 0, NULL, '00:00:00', '00:00:00', 'off', 6, NULL, '2020-12-21 04:17:05', '2020-12-21 04:17:05'),
(8, 39, 19, '2020-12-20', 1, NULL, '11:16:12', '00:00:00', 'on', 6, NULL, '2020-12-21 04:17:06', '2020-12-21 04:17:06'),
(9, 40, 19, '2020-12-20', 1, NULL, '11:16:12', '00:00:00', 'on', 6, NULL, '2020-12-21 04:17:06', '2020-12-21 04:17:06'),
(10, 42, 19, '2020-12-20', 1, NULL, '11:16:12', '00:00:00', 'on', 6, NULL, '2020-12-21 04:17:06', '2020-12-21 04:17:06'),
(11, 43, 19, '2020-12-20', 1, NULL, '11:16:12', '00:00:00', 'on', 6, NULL, '2020-12-21 04:17:06', '2020-12-21 04:17:06'),
(12, 45, 19, '2020-12-20', 1, NULL, '11:16:12', '00:00:00', 'on', 6, NULL, '2020-12-21 04:17:06', '2020-12-21 04:17:06'),
(13, 49, 19, '2020-12-20', 0, NULL, '00:00:00', '00:00:00', 'off', 6, NULL, '2020-12-21 04:17:06', '2020-12-21 04:17:06'),
(14, 50, 19, '2020-12-20', 1, NULL, '11:16:12', '00:00:00', 'on', 6, NULL, '2020-12-21 04:17:06', '2020-12-21 04:17:06'),
(15, 27, 19, '2020-12-18', 1, 'null', '11:42:48', '11:43:06', 'off', 6, NULL, '2020-12-21 04:43:04', '2020-12-21 04:43:21'),
(16, 28, 19, '2020-12-18', 1, 'null', '11:42:48', '11:43:06', 'on', 6, NULL, '2020-12-21 04:43:04', '2020-12-21 04:43:21'),
(17, 29, 19, '2020-12-18', 0, NULL, '00:00:00', '00:00:00', 'off', 6, NULL, '2020-12-21 04:43:04', '2020-12-21 04:43:04'),
(18, 31, 19, '2020-12-18', 0, NULL, '00:00:00', '00:00:00', 'off', 6, NULL, '2020-12-21 04:43:04', '2020-12-21 04:43:04'),
(19, 32, 19, '2020-12-18', 0, NULL, '00:00:00', '00:00:00', 'off', 6, NULL, '2020-12-21 04:43:04', '2020-12-21 04:43:04'),
(20, 33, 19, '2020-12-18', 1, 'null', '11:42:48', '11:43:06', 'off', 6, NULL, '2020-12-21 04:43:04', '2020-12-21 04:43:21'),
(21, 35, 19, '2020-12-18', 1, 'null', '11:42:48', '11:43:06', 'on', 6, NULL, '2020-12-21 04:43:04', '2020-12-21 04:43:21'),
(22, 39, 19, '2020-12-18', 1, 'null', '11:42:48', '11:43:06', 'off', 6, NULL, '2020-12-21 04:43:04', '2020-12-21 04:43:21'),
(23, 40, 19, '2020-12-18', 1, 'null', '11:42:48', '11:43:06', 'on', 6, NULL, '2020-12-21 04:43:04', '2020-12-21 04:43:21'),
(24, 42, 19, '2020-12-18', 1, 'null', '11:42:48', '11:43:06', 'on', 6, NULL, '2020-12-21 04:43:04', '2020-12-21 04:43:22'),
(25, 43, 19, '2020-12-18', 1, 'null', '11:42:48', '11:43:06', 'on', 6, NULL, '2020-12-21 04:43:04', '2020-12-21 04:43:22'),
(26, 45, 19, '2020-12-18', 1, 'null', '11:42:48', '11:43:06', 'on', 6, NULL, '2020-12-21 04:43:04', '2020-12-21 04:43:22'),
(27, 49, 19, '2020-12-18', 1, 'null', '11:42:48', '11:43:06', 'on', 6, NULL, '2020-12-21 04:43:04', '2020-12-21 04:43:22'),
(28, 50, 19, '2020-12-18', 0, NULL, '00:00:00', '00:00:00', 'off', 6, NULL, '2020-12-21 04:43:04', '2020-12-21 04:43:04'),
(29, 27, 19, '2020-12-12', 1, 'null', '11:43:33', '11:43:53', 'on', 6, NULL, '2020-12-21 04:43:50', '2020-12-21 04:44:07'),
(30, 28, 19, '2020-12-12', 1, 'null', '11:43:33', '11:43:53', 'on', 6, NULL, '2020-12-21 04:43:51', '2020-12-21 04:44:07'),
(31, 29, 19, '2020-12-12', 1, 'null', '11:43:33', '11:43:53', 'on', 6, NULL, '2020-12-21 04:43:51', '2020-12-21 04:44:07'),
(32, 31, 19, '2020-12-12', 1, 'null', '11:43:33', '11:43:53', 'on', 6, NULL, '2020-12-21 04:43:51', '2020-12-21 04:44:07'),
(33, 32, 19, '2020-12-12', 1, 'null', '11:43:33', '11:43:53', 'on', 6, NULL, '2020-12-21 04:43:51', '2020-12-21 04:44:07'),
(34, 33, 19, '2020-12-12', 1, 'null', '11:43:33', '11:43:53', 'on', 6, NULL, '2020-12-21 04:43:51', '2020-12-21 04:44:07'),
(35, 35, 19, '2020-12-12', 1, 'null', '11:43:33', '11:43:53', 'on', 6, NULL, '2020-12-21 04:43:51', '2020-12-21 04:44:07'),
(36, 39, 19, '2020-12-12', 0, NULL, '00:00:00', '00:00:00', 'off', 6, NULL, '2020-12-21 04:43:51', '2020-12-21 04:43:51'),
(37, 40, 19, '2020-12-12', 1, 'null', '11:43:33', '11:43:53', 'on', 6, NULL, '2020-12-21 04:43:51', '2020-12-21 04:44:07'),
(38, 42, 19, '2020-12-12', 1, 'null', '11:43:33', '11:43:53', 'on', 6, NULL, '2020-12-21 04:43:51', '2020-12-21 04:44:07'),
(39, 43, 19, '2020-12-12', 0, NULL, '00:00:00', '00:00:00', 'off', 6, NULL, '2020-12-21 04:43:51', '2020-12-21 04:43:51'),
(40, 45, 19, '2020-12-12', 1, 'null', '11:43:33', '11:43:53', 'on', 6, NULL, '2020-12-21 04:43:51', '2020-12-21 04:44:07'),
(41, 49, 19, '2020-12-12', 0, NULL, '00:00:00', '00:00:00', 'off', 6, NULL, '2020-12-21 04:43:51', '2020-12-21 04:43:51'),
(42, 50, 19, '2020-12-12', 1, 'null', '11:43:33', '00:00:00', 'off', 6, NULL, '2020-12-21 04:43:51', '2020-12-21 04:44:07'),
(43, 27, 19, '2020-12-11', 1, NULL, '11:44:13', '00:00:00', 'on', 6, NULL, '2020-12-21 04:44:30', '2020-12-21 04:44:30'),
(44, 28, 19, '2020-12-11', 0, NULL, '00:00:00', '00:00:00', 'off', 6, NULL, '2020-12-21 04:44:30', '2020-12-21 04:44:30'),
(45, 29, 19, '2020-12-11', 1, NULL, '11:44:13', '00:00:00', 'on', 6, NULL, '2020-12-21 04:44:30', '2020-12-21 04:44:30'),
(46, 31, 19, '2020-12-11', 1, NULL, '11:44:13', '00:00:00', 'on', 6, NULL, '2020-12-21 04:44:30', '2020-12-21 04:44:30'),
(47, 32, 19, '2020-12-11', 1, NULL, '11:44:13', '00:00:00', 'on', 6, NULL, '2020-12-21 04:44:30', '2020-12-21 04:44:30'),
(48, 33, 19, '2020-12-11', 1, NULL, '11:44:13', '00:00:00', 'on', 6, NULL, '2020-12-21 04:44:30', '2020-12-21 04:44:30'),
(49, 35, 19, '2020-12-11', 1, NULL, '11:44:13', '00:00:00', 'on', 6, NULL, '2020-12-21 04:44:30', '2020-12-21 04:44:30'),
(50, 39, 19, '2020-12-11', 0, NULL, '00:00:00', '00:00:00', 'off', 6, NULL, '2020-12-21 04:44:30', '2020-12-21 04:44:30'),
(51, 40, 19, '2020-12-11', 1, NULL, '11:44:13', '00:00:00', 'on', 6, NULL, '2020-12-21 04:44:30', '2020-12-21 04:44:30'),
(52, 42, 19, '2020-12-11', 1, NULL, '11:44:13', '00:00:00', 'on', 6, NULL, '2020-12-21 04:44:30', '2020-12-21 04:44:30'),
(53, 43, 19, '2020-12-11', 0, NULL, '00:00:00', '00:00:00', 'off', 6, NULL, '2020-12-21 04:44:30', '2020-12-21 04:44:30'),
(54, 45, 19, '2020-12-11', 1, NULL, '11:44:13', '00:00:00', 'on', 6, NULL, '2020-12-21 04:44:30', '2020-12-21 04:44:30'),
(55, 49, 19, '2020-12-11', 1, NULL, '11:44:13', '00:00:00', 'on', 6, NULL, '2020-12-21 04:44:30', '2020-12-21 04:44:30'),
(56, 50, 19, '2020-12-11', 1, NULL, '11:44:13', '00:00:00', 'on', 6, NULL, '2020-12-21 04:44:30', '2020-12-21 04:44:30'),
(57, 27, 19, '2020-12-16', 1, NULL, '11:45:00', '00:00:00', 'on', 6, NULL, '2020-12-21 04:45:15', '2020-12-21 04:45:15'),
(58, 28, 19, '2020-12-16', 1, NULL, '11:45:00', '00:00:00', 'on', 6, NULL, '2020-12-21 04:45:15', '2020-12-21 04:45:15'),
(59, 29, 19, '2020-12-16', 1, NULL, '11:45:00', '00:00:00', 'on', 6, NULL, '2020-12-21 04:45:15', '2020-12-21 04:45:15'),
(60, 31, 19, '2020-12-16', 0, NULL, '00:00:00', '00:00:00', 'off', 6, NULL, '2020-12-21 04:45:15', '2020-12-21 04:45:15'),
(61, 32, 19, '2020-12-16', 0, NULL, '00:00:00', '00:00:00', 'off', 6, NULL, '2020-12-21 04:45:15', '2020-12-21 04:45:15'),
(62, 33, 19, '2020-12-16', 1, NULL, '11:45:00', '00:00:00', 'on', 6, NULL, '2020-12-21 04:45:15', '2020-12-21 04:45:15'),
(63, 35, 19, '2020-12-16', 0, NULL, '00:00:00', '00:00:00', 'off', 6, NULL, '2020-12-21 04:45:15', '2020-12-21 04:45:15'),
(64, 39, 19, '2020-12-16', 1, NULL, '11:45:00', '00:00:00', 'on', 6, NULL, '2020-12-21 04:45:15', '2020-12-21 04:45:15'),
(65, 40, 19, '2020-12-16', 1, NULL, '11:45:00', '00:00:00', 'on', 6, NULL, '2020-12-21 04:45:15', '2020-12-21 04:45:15'),
(66, 42, 19, '2020-12-16', 1, NULL, '11:45:00', '00:00:00', 'on', 6, NULL, '2020-12-21 04:45:15', '2020-12-21 04:45:15'),
(67, 43, 19, '2020-12-16', 1, NULL, '11:45:00', '00:00:00', 'on', 6, NULL, '2020-12-21 04:45:15', '2020-12-21 04:45:15'),
(68, 45, 19, '2020-12-16', 1, NULL, '11:45:00', '00:00:00', 'on', 6, NULL, '2020-12-21 04:45:15', '2020-12-21 04:45:15'),
(69, 49, 19, '2020-12-16', 1, NULL, '11:45:00', '00:00:00', 'on', 6, NULL, '2020-12-21 04:45:15', '2020-12-21 04:45:15'),
(70, 50, 19, '2020-12-16', 1, NULL, '11:45:00', '00:00:00', 'on', 6, NULL, '2020-12-21 04:45:15', '2020-12-21 04:45:15'),
(71, 27, 19, '2020-12-17', 1, NULL, '11:45:27', '00:00:00', 'on', 6, NULL, '2020-12-21 04:45:40', '2020-12-21 04:45:40'),
(72, 28, 19, '2020-12-17', 0, NULL, '00:00:00', '00:00:00', 'off', 6, NULL, '2020-12-21 04:45:40', '2020-12-21 04:45:40'),
(73, 29, 19, '2020-12-17', 1, NULL, '11:45:27', '00:00:00', 'on', 6, NULL, '2020-12-21 04:45:40', '2020-12-21 04:45:40'),
(74, 31, 19, '2020-12-17', 0, NULL, '00:00:00', '00:00:00', 'off', 6, NULL, '2020-12-21 04:45:40', '2020-12-21 04:45:40'),
(75, 32, 19, '2020-12-17', 1, NULL, '11:45:27', '00:00:00', 'on', 6, NULL, '2020-12-21 04:45:40', '2020-12-21 04:45:40'),
(76, 33, 19, '2020-12-17', 0, NULL, '00:00:00', '00:00:00', 'off', 6, NULL, '2020-12-21 04:45:40', '2020-12-21 04:45:40'),
(77, 35, 19, '2020-12-17', 1, NULL, '11:45:27', '00:00:00', 'on', 6, NULL, '2020-12-21 04:45:40', '2020-12-21 04:45:40'),
(78, 39, 19, '2020-12-17', 0, NULL, '00:00:00', '00:00:00', 'off', 6, NULL, '2020-12-21 04:45:40', '2020-12-21 04:45:40'),
(79, 40, 19, '2020-12-17', 1, NULL, '11:45:27', '00:00:00', 'on', 6, NULL, '2020-12-21 04:45:40', '2020-12-21 04:45:40'),
(80, 42, 19, '2020-12-17', 0, NULL, '00:00:00', '00:00:00', 'off', 6, NULL, '2020-12-21 04:45:40', '2020-12-21 04:45:40'),
(81, 43, 19, '2020-12-17', 1, NULL, '11:45:27', '00:00:00', 'on', 6, NULL, '2020-12-21 04:45:40', '2020-12-21 04:45:40'),
(82, 45, 19, '2020-12-17', 0, NULL, '00:00:00', '00:00:00', 'off', 6, NULL, '2020-12-21 04:45:40', '2020-12-21 04:45:40'),
(83, 49, 19, '2020-12-17', 1, NULL, '11:45:27', '00:00:00', 'on', 6, NULL, '2020-12-21 04:45:40', '2020-12-21 04:45:40'),
(84, 50, 19, '2020-12-17', 1, NULL, '11:45:27', '00:00:00', 'on', 6, NULL, '2020-12-21 04:45:40', '2020-12-21 04:45:40'),
(85, 27, 19, '2020-12-21', 1, 'null', '14:49:20', '00:00:00', 'on', 6, NULL, '2020-12-21 07:50:41', '2020-12-21 09:40:31'),
(86, 28, 19, '2020-12-21', 0, 'null', '00:00:00', '00:00:00', 'off', 6, NULL, '2020-12-21 07:50:41', '2020-12-21 09:40:31'),
(87, 29, 19, '2020-12-21', 0, 'null', '00:00:00', '00:00:00', 'off', 6, 5, '2020-12-21 07:50:41', '2020-12-21 09:40:31'),
(88, 31, 19, '2020-12-21', 1, 'null', '14:49:20', '00:00:00', 'on', 6, NULL, '2020-12-21 07:50:41', '2020-12-21 09:40:31'),
(89, 32, 19, '2020-12-21', 0, 'null', '00:00:00', '00:00:00', 'off', 6, NULL, '2020-12-21 07:50:41', '2020-12-21 09:40:31'),
(90, 33, 19, '2020-12-21', 0, 'null', '00:00:00', '00:00:00', 'off', 6, NULL, '2020-12-21 07:50:41', '2020-12-21 09:40:31'),
(91, 35, 19, '2020-12-21', 0, 'null', '00:00:00', '00:00:00', 'off', 6, NULL, '2020-12-21 07:50:41', '2020-12-21 09:40:31'),
(92, 39, 19, '2020-12-21', 0, 'null', '00:00:00', '00:00:00', 'off', 6, NULL, '2020-12-21 07:50:41', '2020-12-21 09:40:31'),
(93, 40, 19, '2020-12-21', 0, 'null', '00:00:00', '00:00:00', 'off', 6, NULL, '2020-12-21 07:50:41', '2020-12-21 09:40:32'),
(94, 42, 19, '2020-12-21', 0, 'null', '00:00:00', '00:00:00', 'off', 6, NULL, '2020-12-21 07:50:41', '2020-12-21 09:40:32'),
(95, 43, 19, '2020-12-21', 0, 'null', '00:00:00', '00:00:00', 'off', 6, NULL, '2020-12-21 07:50:41', '2020-12-21 09:40:32'),
(96, 45, 19, '2020-12-21', 0, 'null', '00:00:00', '00:00:00', 'off', 6, NULL, '2020-12-21 07:50:41', '2020-12-21 09:40:32'),
(97, 49, 19, '2020-12-21', 0, 'null', '00:00:00', '00:00:00', 'off', 6, NULL, '2020-12-21 07:50:41', '2020-12-21 09:40:32'),
(98, 50, 19, '2020-12-21', 0, 'null', '00:00:00', '00:00:00', 'off', 6, NULL, '2020-12-21 07:50:41', '2020-12-21 09:40:32'),
(99, 29, 19, '2020-12-22', 2, 'Xin Nghỉ học', '00:00:00', '00:00:00', '0', NULL, NULL, '2020-12-21 08:09:41', '2020-12-21 08:09:41'),
(100, 27, 19, '2020-11-30', 1, NULL, '16:16:57', '00:00:00', 'on', 5, NULL, '2020-12-21 09:18:11', '2020-12-21 09:18:11'),
(101, 28, 19, '2020-11-30', 0, NULL, '00:00:00', '00:00:00', 'off', 5, NULL, '2020-12-21 09:18:11', '2020-12-21 09:18:11'),
(102, 29, 19, '2020-11-30', 0, NULL, '00:00:00', '00:00:00', 'off', 5, NULL, '2020-12-21 09:18:11', '2020-12-21 09:18:11'),
(103, 31, 19, '2020-11-30', 0, NULL, '00:00:00', '00:00:00', 'off', 5, NULL, '2020-12-21 09:18:11', '2020-12-21 09:18:11'),
(104, 32, 19, '2020-11-30', 0, NULL, '00:00:00', '00:00:00', 'off', 5, NULL, '2020-12-21 09:18:11', '2020-12-21 09:18:11'),
(105, 33, 19, '2020-11-30', 0, NULL, '00:00:00', '00:00:00', 'off', 5, NULL, '2020-12-21 09:18:11', '2020-12-21 09:18:11'),
(106, 35, 19, '2020-11-30', 0, NULL, '00:00:00', '00:00:00', 'off', 5, NULL, '2020-12-21 09:18:11', '2020-12-21 09:18:11'),
(107, 39, 19, '2020-11-30', 0, NULL, '00:00:00', '00:00:00', 'off', 5, NULL, '2020-12-21 09:18:11', '2020-12-21 09:18:11'),
(108, 40, 19, '2020-11-30', 0, NULL, '00:00:00', '00:00:00', 'off', 5, NULL, '2020-12-21 09:18:11', '2020-12-21 09:18:11'),
(109, 42, 19, '2020-11-30', 0, NULL, '00:00:00', '00:00:00', 'off', 5, NULL, '2020-12-21 09:18:11', '2020-12-21 09:18:11'),
(110, 43, 19, '2020-11-30', 0, NULL, '00:00:00', '00:00:00', 'off', 5, NULL, '2020-12-21 09:18:11', '2020-12-21 09:18:11'),
(111, 45, 19, '2020-11-30', 0, NULL, '00:00:00', '00:00:00', 'off', 5, NULL, '2020-12-21 09:18:11', '2020-12-21 09:18:11'),
(112, 49, 19, '2020-11-30', 0, NULL, '00:00:00', '00:00:00', 'off', 5, NULL, '2020-12-21 09:18:11', '2020-12-21 09:18:11'),
(113, 50, 19, '2020-11-30', 0, NULL, '00:00:00', '00:00:00', 'off', 5, NULL, '2020-12-21 09:18:11', '2020-12-21 09:18:11'),
(114, 27, 19, '2020-12-01', 1, 'null', '16:20:31', '16:23:30', 'on', 5, NULL, '2020-12-21 09:21:42', '2020-12-21 09:23:43'),
(115, 28, 19, '2020-12-01', 0, NULL, '00:00:00', '00:00:00', 'off', 5, NULL, '2020-12-21 09:21:42', '2020-12-21 09:21:42'),
(116, 29, 19, '2020-12-01', 0, NULL, '00:00:00', '00:00:00', 'off', 5, NULL, '2020-12-21 09:21:42', '2020-12-21 09:21:42'),
(117, 31, 19, '2020-12-01', 0, NULL, '00:00:00', '00:00:00', 'off', 5, NULL, '2020-12-21 09:21:42', '2020-12-21 09:21:42'),
(118, 32, 19, '2020-12-01', 0, NULL, '00:00:00', '00:00:00', 'off', 5, NULL, '2020-12-21 09:21:42', '2020-12-21 09:21:42'),
(119, 33, 19, '2020-12-01', 0, NULL, '00:00:00', '00:00:00', 'off', 5, NULL, '2020-12-21 09:21:42', '2020-12-21 09:21:42'),
(120, 35, 19, '2020-12-01', 0, NULL, '00:00:00', '00:00:00', 'off', 5, NULL, '2020-12-21 09:21:42', '2020-12-21 09:21:42'),
(121, 39, 19, '2020-12-01', 0, NULL, '00:00:00', '00:00:00', 'off', 5, NULL, '2020-12-21 09:21:42', '2020-12-21 09:21:42'),
(122, 40, 19, '2020-12-01', 0, NULL, '00:00:00', '00:00:00', 'off', 5, NULL, '2020-12-21 09:21:42', '2020-12-21 09:21:42'),
(123, 42, 19, '2020-12-01', 0, NULL, '00:00:00', '00:00:00', 'off', 5, NULL, '2020-12-21 09:21:42', '2020-12-21 09:21:42'),
(124, 43, 19, '2020-12-01', 0, NULL, '00:00:00', '00:00:00', 'off', 5, NULL, '2020-12-21 09:21:42', '2020-12-21 09:21:42'),
(125, 45, 19, '2020-12-01', 0, NULL, '00:00:00', '00:00:00', 'off', 5, NULL, '2020-12-21 09:21:42', '2020-12-21 09:21:42'),
(126, 49, 19, '2020-12-01', 0, NULL, '00:00:00', '00:00:00', 'off', 5, NULL, '2020-12-21 09:21:42', '2020-12-21 09:21:42'),
(127, 50, 19, '2020-12-01', 0, NULL, '00:00:00', '00:00:00', 'off', 5, NULL, '2020-12-21 09:21:42', '2020-12-21 09:21:42'),
(128, 27, 19, '2020-12-23', 1, NULL, '00:46:03', '00:00:00', 'on', 6, NULL, '2020-12-22 17:46:13', '2020-12-22 17:46:13'),
(129, 28, 19, '2020-12-23', 1, NULL, '00:46:03', '00:00:00', 'on', 6, NULL, '2020-12-22 17:46:13', '2020-12-22 17:46:13'),
(130, 29, 19, '2020-12-23', 0, NULL, '00:00:00', '00:00:00', 'off', 6, NULL, '2020-12-22 17:46:13', '2020-12-22 17:46:13'),
(131, 31, 19, '2020-12-23', 1, NULL, '00:46:03', '00:00:00', 'on', 6, NULL, '2020-12-22 17:46:13', '2020-12-22 17:46:13'),
(132, 32, 19, '2020-12-23', 0, NULL, '00:00:00', '00:00:00', 'off', 6, NULL, '2020-12-22 17:46:13', '2020-12-22 17:46:13'),
(133, 33, 19, '2020-12-23', 1, NULL, '00:46:03', '00:00:00', 'on', 6, NULL, '2020-12-22 17:46:13', '2020-12-22 17:46:13'),
(134, 35, 19, '2020-12-23', 0, NULL, '00:00:00', '00:00:00', 'off', 6, NULL, '2020-12-22 17:46:13', '2020-12-22 17:46:13'),
(135, 39, 19, '2020-12-23', 1, NULL, '00:46:03', '00:00:00', 'on', 6, NULL, '2020-12-22 17:46:13', '2020-12-22 17:46:13'),
(136, 40, 19, '2020-12-23', 0, NULL, '00:00:00', '00:00:00', 'off', 6, NULL, '2020-12-22 17:46:13', '2020-12-22 17:46:13'),
(137, 42, 19, '2020-12-23', 1, NULL, '00:46:03', '00:00:00', 'on', 6, NULL, '2020-12-22 17:46:13', '2020-12-22 17:46:13'),
(138, 43, 19, '2020-12-23', 1, NULL, '00:46:03', '00:00:00', 'on', 6, NULL, '2020-12-22 17:46:13', '2020-12-22 17:46:13'),
(139, 45, 19, '2020-12-23', 0, NULL, '00:00:00', '00:00:00', 'off', 6, NULL, '2020-12-22 17:46:13', '2020-12-22 17:46:13'),
(140, 49, 19, '2020-12-23', 0, NULL, '00:00:00', '00:00:00', 'off', 6, NULL, '2020-12-22 17:46:13', '2020-12-22 17:46:13'),
(141, 50, 19, '2020-12-23', 0, NULL, '00:00:00', '00:00:00', 'off', 6, NULL, '2020-12-22 17:46:13', '2020-12-22 17:46:13'),
(153, 29, 19, '2020-12-30', 2, 'Xin Nghỉ học', '00:00:00', '00:00:00', '0', NULL, NULL, '2020-12-30 04:27:28', '2020-12-30 04:27:28'),
(154, 29, 19, '2020-12-31', 2, 'Xin Nghỉ học', '00:00:00', '00:00:00', '0', NULL, NULL, '2020-12-30 04:32:59', '2020-12-30 04:32:59'),
(155, 29, 19, '2021-01-01', 2, 'Xin Nghỉ học', '00:00:00', '00:00:00', '0', NULL, NULL, '2020-12-31 04:27:52', '2020-12-31 04:27:52');

-- --------------------------------------------------------

--
-- Table structure for table `categories`
--

CREATE TABLE `categories` (
  `id` int(10) UNSIGNED NOT NULL,
  `cate_name` varchar(255) COLLATE utf8mb4_unicode_ci NOT NULL,
  `created_at` timestamp NULL DEFAULT NULL,
  `updated_at` timestamp NULL DEFAULT NULL
) ENGINE=InnoDB DEFAULT CHARSET=utf8mb4 COLLATE=utf8mb4_unicode_ci;

-- --------------------------------------------------------

--
-- Table structure for table `child_receipt_history`
--

CREATE TABLE `child_receipt_history` (
  `id` bigint(20) UNSIGNED NOT NULL,
  `kid_id` int(11) NOT NULL,
  `class_id` int(11) NOT NULL,
  `parent_id` int(11) NOT NULL,
  `attendance` int(11) NOT NULL,
  `name` varchar(255) COLLATE utf8mb4_unicode_ci NOT NULL,
  `image` varchar(255) COLLATE utf8mb4_unicode_ci NOT NULL,
  `phone` varchar(255) COLLATE utf8mb4_unicode_ci NOT NULL,
  `address` varchar(255) COLLATE utf8mb4_unicode_ci NOT NULL,
  `relationship` varchar(255) COLLATE utf8mb4_unicode_ci NOT NULL,
  `date` varchar(255) COLLATE utf8mb4_unicode_ci NOT NULL,
  `confirm` int(11) NOT NULL,
  `created_at` timestamp NULL DEFAULT NULL,
  `updated_at` timestamp NULL DEFAULT NULL
) ENGINE=InnoDB DEFAULT CHARSET=utf8mb4 COLLATE=utf8mb4_unicode_ci;

--
-- Dumping data for table `child_receipt_history`
--

INSERT INTO `child_receipt_history` (`id`, `kid_id`, `class_id`, `parent_id`, `attendance`, `name`, `image`, `phone`, `address`, `relationship`, `date`, `confirm`, `created_at`, `updated_at`) VALUES
(1, 29, 19, 61, 87, 'Phạm Văn Khải', '1608538304_images (1).jpeg', '0334534504', 'Hà Nội', 'Anh trai', '2020-12-21', 1, '2020-12-21 08:11:44', '2020-12-21 08:13:40');

-- --------------------------------------------------------

--
-- Table structure for table `classes`
--

CREATE TABLE `classes` (
  `id` int(10) UNSIGNED NOT NULL,
  `name` varchar(255) COLLATE utf8mb4_unicode_ci NOT NULL,
  `grade_id` int(10) UNSIGNED NOT NULL,
  `school_year_id` int(10) UNSIGNED NOT NULL,
  `status` int(11) NOT NULL,
  `created_at` timestamp NULL DEFAULT NULL,
  `updated_at` timestamp NULL DEFAULT NULL
) ENGINE=InnoDB DEFAULT CHARSET=utf8mb4 COLLATE=utf8mb4_unicode_ci;

--
-- Dumping data for table `classes`
--

INSERT INTO `classes` (`id`, `name`, `grade_id`, `school_year_id`, `status`, `created_at`, `updated_at`) VALUES
(18, 'Mầm xanh 1', 3, 10, 1, '2020-12-20 17:25:43', '2020-12-21 04:48:05'),
(19, 'Chồi xanh 0', 3, 10, 1, '2020-12-20 17:27:35', '2020-12-21 04:48:22'),
(20, 'Chồi xanh 2', 4, 10, 1, '2020-12-21 04:12:06', '2020-12-21 04:12:06'),
(21, 'Lớp Lá b', 5, 10, 1, '2020-12-21 04:49:09', '2020-12-21 04:49:09'),
(22, 'Lớp lá a', 5, 10, 1, '2020-12-21 04:49:27', '2020-12-21 04:49:27'),
(23, 'Lớp chồi a', 4, 10, 1, '2020-12-21 04:49:47', '2020-12-21 04:49:58'),
(24, 'Hoa hong', 5, 10, 1, '2020-12-21 07:20:13', '2020-12-21 07:20:13');

-- --------------------------------------------------------

--
-- Table structure for table `comment_response_form`
--

CREATE TABLE `comment_response_form` (
  `id` int(10) UNSIGNED NOT NULL,
  `comment_id` int(10) UNSIGNED NOT NULL,
  `name` varchar(255) COLLATE utf8mb4_unicode_ci NOT NULL,
  `created_at` timestamp NULL DEFAULT NULL,
  `updated_at` timestamp NULL DEFAULT NULL
) ENGINE=InnoDB DEFAULT CHARSET=utf8mb4 COLLATE=utf8mb4_unicode_ci;

--
-- Dumping data for table `comment_response_form`
--

INSERT INTO `comment_response_form` (`id`, `comment_id`, `name`, `created_at`, `updated_at`) VALUES
(1, 1, 'Con đã đi nặng ở trường', NULL, NULL),
(2, 1, 'Con tự biết vệ sinh cá nhân', NULL, NULL),
(3, 2, 'Tốt', NULL, NULL),
(4, 2, 'Bình thường', NULL, NULL),
(5, 2, 'Yếu', NULL, NULL),
(6, 3, 'Con nhận thức tốt', NULL, NULL),
(7, 3, 'Con hòa đồng với bạn bè cùng lớp', NULL, NULL),
(8, 4, 'Con ăn chưa ngon miệng', NULL, NULL),
(9, 4, ' Con ăn ngoan hết suất', NULL, NULL),
(10, 5, 'Con ăn ngoan hết suất', NULL, NULL),
(11, 5, 'Con ăn còn chậm', NULL, NULL),
(12, 5, 'Con hôm nay ăn được 1/2 bát', NULL, NULL);

-- --------------------------------------------------------

--
-- Table structure for table `config`
--

CREATE TABLE `config` (
  `id` int(11) UNSIGNED NOT NULL,
  `meta_key` varchar(255) COLLATE utf8mb4_unicode_ci NOT NULL,
  `meta_value` text COLLATE utf8mb4_unicode_ci NOT NULL,
  `created_at` timestamp NULL DEFAULT NULL,
  `updated_at` timestamp NULL DEFAULT NULL
) ENGINE=InnoDB DEFAULT CHARSET=utf8mb4 COLLATE=utf8mb4_unicode_ci;

--
-- Dumping data for table `config`
--

INSERT INTO `config` (`id`, `meta_key`, `meta_value`, `created_at`, `updated_at`) VALUES
(7, 'email', 'nhakhoa33@gmail.com', NULL, NULL),
(9, 'mail_send', 'hotro.nhakhoa33@gmail.com', NULL, '2021-01-05 15:34:13'),
(10, 'mail_title', 'Bee dentalt', NULL, '2021-01-05 15:34:13'),
(11, 'mail_smtp_serve', 'smtp.gmail.com', NULL, NULL),
(12, 'mail_encoding', 'ssl', NULL, '2021-01-05 15:34:13'),
(14, 'mail_smtp_port', '465', NULL, '2021-01-05 15:34:13'),
(15, 'mail_smtp_username', 'hotro.nhakhoa33@gmail.com', NULL, '2021-01-05 15:34:13'),
(16, 'mail_smtp_pass', '01647700438', NULL, '2021-01-05 15:34:13'),
(21, 'template_email_nhop_ho_so', '<p>__hoTenTre__ : Họ v&agrave; t&ecirc;n trẻ<br />\r\n__tenGoiONha__ : T&ecirc;n gọi ở nh&agrave;<br />\r\n__ngaySinh__ : Ng&agrave;y sinh<br />\r\n__gioiTinh__ : Giới t&iacute;nh<br />\r\n__hienTaiDangCutruTai__ : Hiện tại đang cư tr&uacute; tại<br />\r\n__luaTuoi__ : Lứa tuổi<br />\r\n__hoTenPhuHuyng__ : Họ t&ecirc;n phụ huynh<br />\r\n__soDienThoai__ : Số điện thoại<br />\r\n__email__ : Email</p>', NULL, '2021-01-05 15:57:56'),
(22, 'title_nhap_ho_so', 'Nộp hồ sơ nhập học', NULL, '2021-01-05 15:57:56');

-- --------------------------------------------------------

--
-- Table structure for table `contact_book`
--

CREATE TABLE `contact_book` (
  `id` int(10) UNSIGNED NOT NULL,
  `kid_id` int(10) UNSIGNED NOT NULL,
  `date` date NOT NULL,
  `class_id` int(10) UNSIGNED NOT NULL,
  `teacher_id` int(10) UNSIGNED NOT NULL,
  `title` varchar(255) COLLATE utf8mb4_unicode_ci NOT NULL,
  `created_at` timestamp NULL DEFAULT NULL,
  `updated_at` timestamp NULL DEFAULT NULL
) ENGINE=InnoDB DEFAULT CHARSET=utf8mb4 COLLATE=utf8mb4_unicode_ci;

--
-- Dumping data for table `contact_book`
--

INSERT INTO `contact_book` (`id`, `kid_id`, `date`, `class_id`, `teacher_id`, `title`, `created_at`, `updated_at`) VALUES
(1, 27, '2020-12-21', 19, 6, 'asdasd', '2020-12-21 07:54:20', '2020-12-21 07:54:20'),
(2, 29, '2020-12-21', 19, 6, 'asdasd', '2020-12-21 07:54:20', '2020-12-21 07:54:20');

-- --------------------------------------------------------

--
-- Table structure for table `failed_jobs`
--

CREATE TABLE `failed_jobs` (
  `id` bigint(20) UNSIGNED NOT NULL,
  `connection` text COLLATE utf8mb4_unicode_ci NOT NULL,
  `queue` text COLLATE utf8mb4_unicode_ci NOT NULL,
  `payload` longtext COLLATE utf8mb4_unicode_ci NOT NULL,
  `exception` longtext COLLATE utf8mb4_unicode_ci NOT NULL,
  `failed_at` timestamp NOT NULL DEFAULT CURRENT_TIMESTAMP
) ENGINE=InnoDB DEFAULT CHARSET=utf8mb4 COLLATE=utf8mb4_unicode_ci;

-- --------------------------------------------------------

--
-- Table structure for table `form_comment`
--

CREATE TABLE `form_comment` (
  `id` int(10) UNSIGNED NOT NULL,
  `title` varchar(255) COLLATE utf8mb4_unicode_ci NOT NULL,
  `created_at` timestamp NULL DEFAULT NULL,
  `updated_at` timestamp NULL DEFAULT NULL
) ENGINE=InnoDB DEFAULT CHARSET=utf8mb4 COLLATE=utf8mb4_unicode_ci;

--
-- Dumping data for table `form_comment`
--

INSERT INTO `form_comment` (`id`, `title`, `created_at`, `updated_at`) VALUES
(1, 'Vệ sinh', NULL, NULL),
(2, 'Sức khoẻ', NULL, NULL),
(3, 'Nhận thức', NULL, NULL),
(4, ' Ăn uống', NULL, NULL),
(5, 'Nhận xét về ăn uống', NULL, NULL);

-- --------------------------------------------------------

--
-- Table structure for table `grades`
--

CREATE TABLE `grades` (
  `id` int(10) UNSIGNED NOT NULL,
  `grade` varchar(255) COLLATE utf8mb4_unicode_ci NOT NULL,
  `created_at` timestamp NULL DEFAULT NULL,
  `updated_at` timestamp NULL DEFAULT NULL
) ENGINE=InnoDB DEFAULT CHARSET=utf8mb4 COLLATE=utf8mb4_unicode_ci;

--
-- Dumping data for table `grades`
--

INSERT INTO `grades` (`id`, `grade`, `created_at`, `updated_at`) VALUES
(3, 'Mầm (3-4 tuổi)', NULL, NULL),
(4, 'Chồi (4-5 tuổi)', NULL, NULL),
(5, 'Lá (5-6 tuổi)', NULL, NULL);

-- --------------------------------------------------------

--
-- Table structure for table `histories`
--

CREATE TABLE `histories` (
  `id` int(10) UNSIGNED NOT NULL,
  `kid_id` int(10) UNSIGNED NOT NULL,
  `class_id` int(10) UNSIGNED DEFAULT NULL,
  `date` date NOT NULL,
  `status` int(11) NOT NULL,
  `created_at` timestamp NULL DEFAULT NULL,
  `updated_at` timestamp NULL DEFAULT NULL
) ENGINE=InnoDB DEFAULT CHARSET=utf8mb4 COLLATE=utf8mb4_unicode_ci;

--
-- Dumping data for table `histories`
--

INSERT INTO `histories` (`id`, `kid_id`, `class_id`, `date`, `status`, `created_at`, `updated_at`) VALUES
(27, 34, 18, '2020-12-21', 1, '2020-12-21 02:04:32', '2020-12-21 02:04:32'),
(28, 36, 18, '2020-12-21', 1, '2020-12-21 03:01:06', '2020-12-21 03:01:06'),
(29, 37, 18, '2020-12-21', 1, '2020-12-21 03:15:43', '2020-12-21 03:15:43'),
(30, 38, 18, '2020-12-21', 1, '2020-12-21 03:17:07', '2020-12-21 03:17:07'),
(31, 39, 19, '2020-12-21', 1, '2020-12-21 03:19:12', '2020-12-21 03:19:12'),
(32, 40, 19, '2020-12-21', 1, '2020-12-21 03:20:55', '2020-12-21 03:20:55'),
(33, 41, 18, '2020-12-21', 1, '2020-12-21 03:23:36', '2020-12-21 03:23:36'),
(34, 42, 19, '2020-12-21', 1, '2020-12-21 03:27:53', '2020-12-21 03:27:53'),
(35, 43, 19, '2020-12-21', 1, '2020-12-21 03:38:05', '2020-12-21 03:38:05'),
(36, 44, 18, '2020-12-21', 1, '2020-12-21 03:39:50', '2020-12-21 03:39:50'),
(37, 45, 19, '2020-12-21', 1, '2020-12-21 03:41:14', '2020-12-21 03:41:14'),
(38, 46, 18, '2020-12-21', 1, '2020-12-21 03:42:50', '2020-12-21 03:42:50'),
(39, 47, 18, '2020-12-21', 1, '2020-12-21 03:45:48', '2020-12-21 03:45:48'),
(40, 28, 19, '2020-12-21', 1, '2020-12-21 04:07:03', '2020-12-21 04:07:03'),
(41, 29, 19, '2020-12-21', 1, '2020-12-21 04:07:03', '2020-12-21 04:07:03'),
(42, 32, 19, '2020-12-21', 1, '2020-12-21 04:07:03', '2020-12-21 04:07:03'),
(43, 33, 19, '2020-12-21', 1, '2020-12-21 04:07:03', '2020-12-21 04:07:03'),
(44, 48, 18, '2020-12-21', 1, '2020-12-21 04:07:22', '2020-12-21 04:07:22'),
(45, 49, 19, '2020-12-21', 1, '2020-12-21 04:10:01', '2020-12-21 04:10:01'),
(46, 50, 19, '2020-12-21', 1, '2020-12-21 04:13:06', '2020-12-21 04:13:06'),
(47, 51, 20, '2020-12-21', 1, '2020-12-21 04:15:41', '2020-12-21 04:15:41'),
(48, 52, 20, '2020-12-21', 1, '2020-12-21 04:26:15', '2020-12-21 04:26:15'),
(49, 53, 20, '2020-12-21', 1, '2020-12-21 04:28:53', '2020-12-21 04:28:53'),
(50, 30, 23, '2020-12-21', 1, '2020-12-21 06:52:11', '2020-12-21 06:52:11'),
(51, 54, 23, '2020-12-21', 1, '2020-12-21 06:52:11', '2020-12-21 06:52:11'),
(52, 54, 20, '2020-12-21', 2, '2020-12-21 06:52:49', '2020-12-21 06:52:49'),
(53, 54, NULL, '2020-12-21', 2, '2020-12-21 06:55:43', '2020-12-21 06:55:43'),
(54, 53, NULL, '2020-12-21', 2, '2020-12-21 07:06:09', '2020-12-21 07:06:09'),
(55, 52, NULL, '2020-12-21', 2, '2020-12-21 07:08:36', '2020-12-21 07:08:36'),
(56, 55, 19, '2020-12-21', 1, '2020-12-21 07:09:21', '2020-12-21 07:09:21'),
(57, 55, 18, '2020-12-21', 2, '2020-12-21 07:12:39', '2020-12-21 07:12:39'),
(58, 55, 19, '2020-12-21', 2, '2020-12-21 07:12:43', '2020-12-21 07:12:43'),
(59, 55, 18, '2020-12-21', 2, '2020-12-21 07:13:22', '2020-12-21 07:13:22'),
(60, 52, 23, '2020-12-21', 1, '2020-12-21 07:14:12', '2020-12-21 07:14:12'),
(61, 53, 23, '2020-12-21', 1, '2020-12-21 07:14:12', '2020-12-21 07:14:12'),
(62, 54, 23, '2020-12-21', 1, '2020-12-21 07:14:12', '2020-12-21 07:14:12'),
(63, 56, 20, '2020-12-21', 1, '2020-12-21 09:11:48', '2020-12-21 09:11:48'),
(64, 57, 21, '2020-12-21', 1, '2020-12-21 09:28:25', '2020-12-21 09:28:25'),
(65, 57, 21, '2020-12-22', 4, '2020-12-22 04:38:45', '2020-12-22 04:38:45');

-- --------------------------------------------------------

--
-- Table structure for table `kids`
--

CREATE TABLE `kids` (
  `id` int(10) UNSIGNED NOT NULL,
  `kid_name` varchar(255) COLLATE utf8mb4_unicode_ci NOT NULL,
  `nickname` varchar(255) COLLATE utf8mb4_unicode_ci NOT NULL,
  `kid_avatar` text COLLATE utf8mb4_unicode_ci NOT NULL,
  `gender` int(11) NOT NULL,
  `date_of_birth` date NOT NULL,
  `address` text COLLATE utf8mb4_unicode_ci NOT NULL,
  `admission_date` date NOT NULL,
  `grade_id` int(10) UNSIGNED DEFAULT NULL,
  `class_id` int(10) UNSIGNED DEFAULT NULL,
  `parent_id` int(10) UNSIGNED NOT NULL,
  `description` longtext COLLATE utf8mb4_unicode_ci,
  `kid_status` int(11) NOT NULL,
  `created_at` timestamp NULL DEFAULT NULL,
  `updated_at` timestamp NULL DEFAULT NULL
) ENGINE=InnoDB DEFAULT CHARSET=utf8mb4 COLLATE=utf8mb4_unicode_ci;

--
-- Dumping data for table `kids`
--

INSERT INTO `kids` (`id`, `kid_name`, `nickname`, `kid_avatar`, `gender`, `date_of_birth`, `address`, `admission_date`, `grade_id`, `class_id`, `parent_id`, `description`, `kid_status`, `created_at`, `updated_at`) VALUES
(27, 'Lưu Trang Anh', 'Miu', '1608524395_18652-105973_9469666_o.jpg', 0, '2016-07-07', 'Hà Nội', '2019-01-23', 4, 19, 38, 'None', 1, '2020-12-20 16:03:02', '2020-12-21 04:19:55'),
(28, 'Phạm Hoàng Anh', 'Gấu', '1608524414_18652-917_1729987070_n.jpg', 1, '2015-12-02', 'Hà Nội', '2018-01-19', 4, 19, 43, 'None', 1, '2020-12-20 16:03:02', '2020-12-21 04:20:14'),
(29, 'Phạm Thị Hiền Anh', 'Mon', '1608524431_18652-837_1530465340_n.jpg', 0, '2015-09-17', 'Hà Nội', '2017-08-16', 4, 19, 61, 'None', 1, '2020-12-20 16:03:02', '2020-12-21 04:20:31'),
(30, 'Phạm Khắc Việt Anh', 'Sói', '1608480182_JaZBMzV14fzRI4vBWG8jymplSUGSGgimkqtJakOV.jpeg', 0, '2016-07-12', 'Hà Nội', '2019-01-07', 4, 23, 38, 'None', 1, '2020-12-20 16:03:02', '2020-12-21 06:52:11'),
(31, 'Đỗ Hoàng Gia Bảo', 'Cáo', '1608524464_18652-0854_667160822_n.jpg', 0, '2015-10-22', 'Hà Nội', '2019-01-07', 4, 19, 39, 'None', 1, '2020-12-20 16:03:02', '2020-12-21 04:21:04'),
(32, 'Đỗ Hoàng Mỹ', 'Xuka', '1608480182_JaZBMzV14fzRI4vBWG8jymplSUGSGgimkqtJakOV.jpeg', 0, '2015-08-11', 'Hà Nội', '2018-06-13', 4, 19, 42, 'None', 1, '2020-12-20 16:03:02', '2020-12-21 04:07:03'),
(33, 'Trần Tuấn Hưng', 'Kẹo', '1608480182_JaZBMzV14fzRI4vBWG8jymplSUGSGgimkqtJakOV.jpeg', 0, '2014-10-16', 'Hà Nội', '2017-07-19', 4, 19, 41, 'None', 1, '2020-12-20 16:03:02', '2020-12-21 04:07:03'),
(34, 'Nguyen van a', 'boong', '1608523571_18652-9480_927935383_n.jpg', 1, '2020-12-16', 'xã Mỹ Lương - huyện Chương Mỹ - Thành phố Hà Nội', '2020-12-21', 3, 18, 44, NULL, 1, '2020-12-21 01:00:29', '2020-12-21 04:06:11'),
(35, 'Phạm văn minh', 'minh minh', '1608523591_18641-img_1867.jpg', 1, '2020-12-12', '193 quan hoa,cầu giấy', '2020-12-21', 3, 19, 45, NULL, 1, '2020-12-21 02:06:27', '2020-12-21 04:06:31'),
(36, 'Trần Văn Hoán', 'bi bi', '1608523546_18652-6999_747758679_n.jpg', 1, '2020-06-09', 'xã Mỹ Lương - huyện Chương Mỹ - Thành phố Hà Nội', '2020-12-21', 3, 18, 44, 'Không có', 1, '2020-12-21 03:01:06', '2020-12-21 04:05:46'),
(37, 'Trần Thị Bông', 'Bé', '1608523483_18652-2125_725093843_o.jpg', 1, '2020-11-11', 'xã Mỹ Lương - huyện Chương Mỹ - Thành phố Hà Nội', '2021-01-22', 3, 18, 46, 'Không có', 1, '2020-12-21 03:15:43', '2020-12-21 04:04:43'),
(38, 'Nguyên Ngọc Ánh', 'Ánh', '1608523456_18652-256_1012621799_n.jpg', 1, '2020-10-21', 'xã Mỹ Lương - huyện Chương Mỹ - Thành phố Hà Nội', '2021-03-24', 3, 18, 47, 'Không có', 1, '2020-12-21 03:17:07', '2020-12-21 04:04:16'),
(39, 'Nguyen van Khiêm', 'A khiêm', '1608523440_18641-img_1865.jpg', 1, '2020-08-21', 'xã Mỹ Lương - huyện Chương Mỹ - Thành phố Hà Nội', '2021-05-21', 4, 19, 48, 'Không có', 1, '2020-12-21 03:19:11', '2020-12-21 04:04:00'),
(40, 'Nguyen van Bé', 'bon', '1608523422_18652-1728_484956509_n.jpg', 1, '2020-09-21', 'xã Mỹ Lương - huyện Chương Mỹ - Thành phố Hà Nội', '2021-04-21', 4, 19, 49, 'Không có', 1, '2020-12-21 03:20:55', '2020-12-21 04:03:42'),
(41, 'Nguyễn Thị Mây', 'Mây', '1608522199_2.jpg', 1, '2020-08-21', 'xã Mỹ Lương - huyện Chương Mỹ - Thành phố Hà Nội', '2021-03-21', 3, 18, 48, 'Không có', 1, '2020-12-21 03:23:36', '2020-12-21 03:43:19'),
(42, 'Nguyễn Hòa An', 'An', '1608522219_6.jpg', 1, '2020-10-21', 'xã Mỹ Lương - huyện Chương Mỹ - Thành phố Hà Nội', '2021-04-01', 4, 19, 50, 'Không có', 1, '2020-12-21 03:27:53', '2020-12-21 03:43:39'),
(43, 'Nguyen van Thảo', 'boong bog', '1608521885_8.jpg', 1, '2020-09-21', 'xã Mỹ Lương - huyện Chương Mỹ - Thành phố Hà Nội', '2021-04-21', 4, 19, 51, 'Không có', 1, '2020-12-21 03:38:05', '2020-12-21 03:38:05'),
(44, 'Trần Văn Thương', 'Mick', '1608521990_9.jpg', 1, '2020-08-21', 'xã Mỹ Lương - huyện Chương Mỹ - Thành phố Hà Nội', '2021-04-21', 3, 18, 52, 'Không có', 1, '2020-12-21 03:39:50', '2020-12-21 03:39:50'),
(45, 'Nguyễn Thị Quý', 'Sóc', '1608522074_10.jpg', 1, '2020-09-21', 'xã Mỹ Lương - huyện Chương Mỹ - Thành phố Hà Nội', '2020-12-17', 4, 19, 53, 'Không có', 1, '2020-12-21 03:41:14', '2020-12-21 03:41:14'),
(46, 'Nguyen Phú Minh', 'Minh', '1608522170_12.jpg', 1, '2020-09-21', 'xã Mỹ Lương - huyện Chương Mỹ - Thành phố Hà Nội', '2021-03-22', 3, 18, 54, 'Không có', 1, '2020-12-21 03:42:50', '2020-12-21 03:42:50'),
(47, 'Nguyễn Hữu Hợi', 'Lợn', '1608522348_1608480182_JaZBMzV14fzRI4vBWG8jymplSUGSGgimkqtJakOV.jpeg', 1, '2020-08-21', 'xã Mỹ Lương - huyện Chương Mỹ - Thành phố Hà Nội', '2021-04-15', 3, 18, 55, 'Không có', 1, '2020-12-21 03:45:48', '2020-12-21 03:45:48'),
(48, 'Nguyen van Thành', 'tổn', '1608523642_13.jpg', 1, '2020-09-21', 'xã Mỹ Lương - huyện Chương Mỹ - Thành phố Hà Nội', '2021-03-21', 3, 18, 56, 'không có', 1, '2020-12-21 04:07:22', '2020-12-21 04:07:22'),
(49, 'Nguyen van Huynh', 'Mèo', '1608523801_13.jpg', 1, '2020-08-07', 'xã Mỹ Lương - huyện Chương Mỹ - Thành phố Hà Nội', '2021-04-03', 4, 19, 57, 'Không có', 1, '2020-12-21 04:10:01', '2020-12-21 04:10:01'),
(50, 'Nguyen van Kiêm', 'ý', '1608523986_15.jpg', 1, '2020-09-21', 'xã Mỹ Lương - huyện Chương Mỹ - Thành phố Hà Nội', '2021-01-21', 4, 19, 58, 'Không có', 1, '2020-12-21 04:13:06', '2020-12-21 04:13:06'),
(51, 'Trần Văn Mười', 'Quỳnh', '1608524141_6.jpg', 1, '2020-10-07', 'xã Mỹ Lương - huyện Chương Mỹ - Thành phố Hà Nội', '2021-01-21', 4, 20, 59, 'Không có', 1, '2020-12-21 04:15:41', '2020-12-21 04:15:41'),
(52, 'Nguyen van Thành', 'bi bi', '1608524775_8.jpg', 1, '2020-10-21', 'xã Mỹ Lương - huyện Chương Mỹ - Thành phố Hà Nội', '2021-03-14', 4, 23, 60, 'không có', 1, '2020-12-21 04:26:15', '2020-12-21 07:14:12'),
(53, 'Nguyen van Khóa', 'khóa', '1608524933_1608480182_JaZBMzV14fzRI4vBWG8jymplSUGSGgimkqtJakOV.jpeg', 1, '2020-10-21', 'xã Mỹ Lương - huyện Chương Mỹ - Thành phố Hà Nội', '2021-02-21', 4, 23, 61, 'Không có', 1, '2020-12-21 04:28:53', '2020-12-21 07:14:12'),
(54, 'nguyễn thị hà', 'mèo', '1608533658_18652-917_1729987070_n.jpg', 1, '2000-12-06', 'Xóm Giữa,Xã Tốt Động, Huyện Chương Mỹ,Thành phố Hà Nội', '2020-12-21', 4, 23, 62, NULL, 1, '2020-12-21 06:51:38', '2020-12-21 07:14:12'),
(55, 'Trần Thị Phượng', 'Hehe', '', 1, '2020-12-15', 'Trung Kính', '2020-12-21', 3, 18, 63, '', 1, '2020-12-21 07:08:56', '2020-12-21 07:13:22'),
(56, 'Tùng', 'Bốp', '', 1, '2016-09-06', 'Hà nội', '2020-12-21', 4, 20, 49, '', 1, '2020-12-21 09:11:18', '2020-12-21 09:11:48'),
(57, 'tôi là tồi', 'tồi là tôi', '', 1, '2021-11-21', 'ở đâu', '2020-12-21', 5, 21, 64, '', 2, '2020-12-21 09:25:58', '2020-12-22 04:38:45');

-- --------------------------------------------------------

--
-- Table structure for table `migrations`
--

CREATE TABLE `migrations` (
  `id` int(10) UNSIGNED NOT NULL,
  `migration` varchar(255) COLLATE utf8mb4_unicode_ci NOT NULL,
  `batch` int(11) NOT NULL
) ENGINE=InnoDB DEFAULT CHARSET=utf8mb4 COLLATE=utf8mb4_unicode_ci;

--
-- Dumping data for table `migrations`
--

INSERT INTO `migrations` (`id`, `migration`, `batch`) VALUES
(1, '2014_10_12_000000_create_users_table', 1),
(2, '2014_10_12_100000_create_password_resets_table', 1),
(3, '2019_08_19_000000_create_failed_jobs_table', 1),
(4, '2020_11_05_030106_create_teachers_table', 1),
(5, '2020_11_07_025748_create_school_years_table', 1),
(6, '2020_11_07_025918_create_grades_table', 1),
(7, '2020_11_07_030012_create_classes_table', 1),
(8, '2020_11_07_031124_create_parents_table', 1),
(9, '2020_11_07_031356_create_kids_table', 1),
(10, '2020_11_07_031724_create_attendance_table', 1),
(11, '2020_11_07_032721_create_activities_table', 1),
(12, '2020_11_07_033509_create_assignment_table', 1),
(13, '2020_11_07_033911_create_categories_table', 1),
(15, '2020_11_19_024305_create_schools_table', 1),
(16, '2020_12_03_142427_create_admission_records_table', 1),
(17, '2020_12_10_192150_create_child_receipt_history_table', 1),
(18, '2020_12_11_095823_create_histories_table', 1),
(19, '2020_12_11_140931_create_contact_book_table', 2),
(20, '2020_12_11_142242_create_form_comment_table', 2),
(21, '2020_12_11_142332_create_comment_response_form_table', 2),
(22, '2020_12_11_142550_create_reply_to_comments_table', 2),
(23, '2020_12_20_101100_create_notifications_table', 2);

-- --------------------------------------------------------

--
-- Table structure for table `notifications`
--

CREATE TABLE `notifications` (
  `id` int(10) UNSIGNED NOT NULL,
  `range` int(11) NOT NULL,
  `class_id` int(11) NOT NULL,
  `receiver_id` int(11) NOT NULL,
  `note` text COLLATE utf8mb4_unicode_ci NOT NULL,
  `sender_id` int(11) NOT NULL,
  `role` int(11) NOT NULL,
  `status` int(11) NOT NULL DEFAULT '0',
  `title` varchar(255) COLLATE utf8mb4_unicode_ci NOT NULL,
  `created_at` timestamp NULL DEFAULT NULL,
  `updated_at` timestamp NULL DEFAULT NULL
) ENGINE=InnoDB DEFAULT CHARSET=utf8mb4 COLLATE=utf8mb4_unicode_ci;

--
-- Dumping data for table `notifications`
--

INSERT INTO `notifications` (`id`, `range`, `class_id`, `receiver_id`, `note`, `sender_id`, `role`, `status`, `title`, `created_at`, `updated_at`) VALUES
(40, 4, 0, 57, '<p>hello</p>', 0, 1, 0, 'Thông báo V/v: Học sinh khối Mầm non tiếp tục nghỉ học nhằm đảm bảo công tác phòng, chống dịch bệnh viêm phổi cấp do vi rút Covid-19 gây ra', '2020-12-26 15:31:33', '2020-12-26 15:31:33'),
(41, 4, 0, 49, '<p>hello</p>', 0, 1, 0, 'Thông báo V/v: Học sinh khối Mầm non tiếp tục nghỉ học nhằm đảm bảo công tác phòng, chống dịch bệnh viêm phổi cấp do vi rút Covid-19 gây ra', '2020-12-26 15:31:33', '2020-12-26 15:31:33'),
(42, 4, 0, 52, '<p>hello</p>', 0, 1, 0, 'Thông báo V/v: Học sinh khối Mầm non tiếp tục nghỉ học nhằm đảm bảo công tác phòng, chống dịch bệnh viêm phổi cấp do vi rút Covid-19 gây ra', '2020-12-26 15:31:33', '2020-12-26 15:31:33'),
(43, 4, 0, 46, '<p>hello</p>', 0, 1, 0, 'Thông báo V/v: Học sinh khối Mầm non tiếp tục nghỉ học nhằm đảm bảo công tác phòng, chống dịch bệnh viêm phổi cấp do vi rút Covid-19 gây ra', '2020-12-26 15:31:33', '2020-12-26 15:31:33'),
(44, 4, 0, 54, '<p>hello</p>', 0, 1, 0, 'Thông báo V/v: Học sinh khối Mầm non tiếp tục nghỉ học nhằm đảm bảo công tác phòng, chống dịch bệnh viêm phổi cấp do vi rút Covid-19 gây ra', '2020-12-26 15:31:33', '2020-12-26 15:31:33'),
(45, 4, 0, 58, '<p>hello</p>', 0, 1, 0, 'Thông báo V/v: Học sinh khối Mầm non tiếp tục nghỉ học nhằm đảm bảo công tác phòng, chống dịch bệnh viêm phổi cấp do vi rút Covid-19 gây ra', '2020-12-26 15:31:33', '2020-12-26 15:31:33'),
(46, 4, 0, 41, '<p>hello</p>', 0, 1, 0, 'Thông báo V/v: Học sinh khối Mầm non tiếp tục nghỉ học nhằm đảm bảo công tác phòng, chống dịch bệnh viêm phổi cấp do vi rút Covid-19 gây ra', '2020-12-26 15:31:33', '2020-12-26 15:31:33'),
(47, 4, 0, 36, '<p>hello</p>', 0, 1, 0, 'Thông báo V/v: Học sinh khối Mầm non tiếp tục nghỉ học nhằm đảm bảo công tác phòng, chống dịch bệnh viêm phổi cấp do vi rút Covid-19 gây ra', '2020-12-26 15:31:33', '2020-12-26 15:31:33'),
(48, 4, 0, 42, '<p>hello</p>', 0, 1, 0, 'Thông báo V/v: Học sinh khối Mầm non tiếp tục nghỉ học nhằm đảm bảo công tác phòng, chống dịch bệnh viêm phổi cấp do vi rút Covid-19 gây ra', '2020-12-26 15:31:33', '2020-12-26 15:31:33'),
(49, 4, 0, 48, '<p>hello</p>', 0, 1, 0, 'Thông báo V/v: Học sinh khối Mầm non tiếp tục nghỉ học nhằm đảm bảo công tác phòng, chống dịch bệnh viêm phổi cấp do vi rút Covid-19 gây ra', '2020-12-26 15:31:33', '2020-12-26 15:31:33'),
(50, 4, 0, 50, '<p>hello</p>', 0, 1, 0, 'Thông báo V/v: Học sinh khối Mầm non tiếp tục nghỉ học nhằm đảm bảo công tác phòng, chống dịch bệnh viêm phổi cấp do vi rút Covid-19 gây ra', '2020-12-26 15:31:33', '2020-12-26 15:31:33'),
(51, 4, 0, 60, '<p>hello</p>', 0, 1, 0, 'Thông báo V/v: Học sinh khối Mầm non tiếp tục nghỉ học nhằm đảm bảo công tác phòng, chống dịch bệnh viêm phổi cấp do vi rút Covid-19 gây ra', '2020-12-26 15:31:33', '2020-12-26 15:31:33'),
(52, 4, 0, 53, '<p>hello</p>', 0, 1, 0, 'Thông báo V/v: Học sinh khối Mầm non tiếp tục nghỉ học nhằm đảm bảo công tác phòng, chống dịch bệnh viêm phổi cấp do vi rút Covid-19 gây ra', '2020-12-26 15:31:33', '2020-12-26 15:31:33'),
(53, 4, 0, 59, '<p>hello</p>', 0, 1, 0, 'Thông báo V/v: Học sinh khối Mầm non tiếp tục nghỉ học nhằm đảm bảo công tác phòng, chống dịch bệnh viêm phổi cấp do vi rút Covid-19 gây ra', '2020-12-26 15:31:33', '2020-12-26 15:31:33'),
(54, 4, 0, 55, '<p>hello</p>', 0, 1, 0, 'Thông báo V/v: Học sinh khối Mầm non tiếp tục nghỉ học nhằm đảm bảo công tác phòng, chống dịch bệnh viêm phổi cấp do vi rút Covid-19 gây ra', '2020-12-26 15:31:33', '2020-12-26 15:31:33'),
(55, 4, 0, 51, '<p>hello</p>', 0, 1, 0, 'Thông báo V/v: Học sinh khối Mầm non tiếp tục nghỉ học nhằm đảm bảo công tác phòng, chống dịch bệnh viêm phổi cấp do vi rút Covid-19 gây ra', '2020-12-26 15:31:33', '2020-12-26 15:31:33'),
(56, 4, 0, 63, '<p>hello</p>', 0, 1, 0, 'Thông báo V/v: Học sinh khối Mầm non tiếp tục nghỉ học nhằm đảm bảo công tác phòng, chống dịch bệnh viêm phổi cấp do vi rút Covid-19 gây ra', '2020-12-26 15:31:33', '2020-12-26 15:31:33'),
(57, 4, 0, 56, '<p>hello</p>', 0, 1, 0, 'Thông báo V/v: Học sinh khối Mầm non tiếp tục nghỉ học nhằm đảm bảo công tác phòng, chống dịch bệnh viêm phổi cấp do vi rút Covid-19 gây ra', '2020-12-26 15:31:33', '2020-12-26 15:31:33'),
(58, 4, 0, 37, '<p>hello</p>', 0, 1, 0, 'Thông báo V/v: Học sinh khối Mầm non tiếp tục nghỉ học nhằm đảm bảo công tác phòng, chống dịch bệnh viêm phổi cấp do vi rút Covid-19 gây ra', '2020-12-26 15:31:33', '2020-12-26 15:31:33'),
(59, 4, 0, 39, '<p>hello</p>', 0, 1, 0, 'Thông báo V/v: Học sinh khối Mầm non tiếp tục nghỉ học nhằm đảm bảo công tác phòng, chống dịch bệnh viêm phổi cấp do vi rút Covid-19 gây ra', '2020-12-26 15:31:33', '2020-12-26 15:31:33'),
(60, 4, 0, 65, '<p>hello</p>', 0, 1, 0, 'Thông báo V/v: Học sinh khối Mầm non tiếp tục nghỉ học nhằm đảm bảo công tác phòng, chống dịch bệnh viêm phổi cấp do vi rút Covid-19 gây ra', '2020-12-26 15:31:33', '2020-12-26 15:31:33'),
(61, 4, 0, 62, '<p>hello</p>', 0, 1, 0, 'Thông báo V/v: Học sinh khối Mầm non tiếp tục nghỉ học nhằm đảm bảo công tác phòng, chống dịch bệnh viêm phổi cấp do vi rút Covid-19 gây ra', '2020-12-26 15:31:33', '2020-12-26 15:31:33'),
(62, 4, 0, 47, '<p>hello</p>', 0, 1, 0, 'Thông báo V/v: Học sinh khối Mầm non tiếp tục nghỉ học nhằm đảm bảo công tác phòng, chống dịch bệnh viêm phổi cấp do vi rút Covid-19 gây ra', '2020-12-26 15:31:33', '2020-12-26 15:31:33'),
(63, 4, 0, 61, '<p>hello</p>', 0, 1, 0, 'Thông báo V/v: Học sinh khối Mầm non tiếp tục nghỉ học nhằm đảm bảo công tác phòng, chống dịch bệnh viêm phổi cấp do vi rút Covid-19 gây ra', '2020-12-26 15:31:33', '2020-12-26 15:31:33'),
(64, 4, 0, 38, '<p>hello</p>', 0, 1, 0, 'Thông báo V/v: Học sinh khối Mầm non tiếp tục nghỉ học nhằm đảm bảo công tác phòng, chống dịch bệnh viêm phổi cấp do vi rút Covid-19 gây ra', '2020-12-26 15:31:33', '2020-12-26 15:31:33'),
(65, 4, 0, 64, '<p>hello</p>', 0, 1, 0, 'Thông báo V/v: Học sinh khối Mầm non tiếp tục nghỉ học nhằm đảm bảo công tác phòng, chống dịch bệnh viêm phổi cấp do vi rút Covid-19 gây ra', '2020-12-26 15:31:33', '2020-12-26 15:31:33'),
(66, 4, 0, 40, '<p>hello</p>', 0, 1, 0, 'Thông báo V/v: Học sinh khối Mầm non tiếp tục nghỉ học nhằm đảm bảo công tác phòng, chống dịch bệnh viêm phổi cấp do vi rút Covid-19 gây ra', '2020-12-26 15:31:33', '2020-12-26 15:31:33'),
(67, 4, 0, 45, '<p>hello</p>', 0, 1, 0, 'Thông báo V/v: Học sinh khối Mầm non tiếp tục nghỉ học nhằm đảm bảo công tác phòng, chống dịch bệnh viêm phổi cấp do vi rút Covid-19 gây ra', '2020-12-26 15:31:33', '2020-12-26 15:31:33'),
(68, 4, 0, 44, '<p>hello</p>', 0, 1, 0, 'Thông báo V/v: Học sinh khối Mầm non tiếp tục nghỉ học nhằm đảm bảo công tác phòng, chống dịch bệnh viêm phổi cấp do vi rút Covid-19 gây ra', '2020-12-26 15:31:33', '2020-12-26 15:31:33'),
(69, 4, 0, 43, '<p>hello</p>', 0, 1, 0, 'Thông báo V/v: Học sinh khối Mầm non tiếp tục nghỉ học nhằm đảm bảo công tác phòng, chống dịch bệnh viêm phổi cấp do vi rút Covid-19 gây ra', '2020-12-26 15:31:33', '2020-12-26 15:31:33'),
(70, 3, 0, 2, '<p>hello</p>', 0, 1, 0, 'Thông báo V/v: Học sinh khối Mầm non tiếp tục nghỉ học nhằm đảm bảo công tác phòng, chống dịch bệnh viêm phổi cấp do vi rút Covid-19 gây ra', '2020-12-26 15:31:33', '2020-12-26 15:31:33'),
(71, 3, 0, 3, '<p>hello</p>', 0, 1, 0, 'Thông báo V/v: Học sinh khối Mầm non tiếp tục nghỉ học nhằm đảm bảo công tác phòng, chống dịch bệnh viêm phổi cấp do vi rút Covid-19 gây ra', '2020-12-26 15:31:33', '2020-12-26 15:31:33'),
(72, 3, 0, 4, '<p>hello</p>', 0, 1, 0, 'Thông báo V/v: Học sinh khối Mầm non tiếp tục nghỉ học nhằm đảm bảo công tác phòng, chống dịch bệnh viêm phổi cấp do vi rút Covid-19 gây ra', '2020-12-26 15:31:33', '2020-12-26 15:31:33'),
(73, 3, 0, 5, '<p>hello</p>', 0, 1, 0, 'Thông báo V/v: Học sinh khối Mầm non tiếp tục nghỉ học nhằm đảm bảo công tác phòng, chống dịch bệnh viêm phổi cấp do vi rút Covid-19 gây ra', '2020-12-26 15:31:33', '2020-12-26 15:31:33'),
(74, 3, 0, 1, '<p>hello</p>', 0, 1, 0, 'Thông báo V/v: Học sinh khối Mầm non tiếp tục nghỉ học nhằm đảm bảo công tác phòng, chống dịch bệnh viêm phổi cấp do vi rút Covid-19 gây ra', '2020-12-26 15:31:33', '2020-12-26 15:31:33'),
(75, 3, 0, 7, '<p>hello</p>', 0, 1, 0, 'Thông báo V/v: Học sinh khối Mầm non tiếp tục nghỉ học nhằm đảm bảo công tác phòng, chống dịch bệnh viêm phổi cấp do vi rút Covid-19 gây ra', '2020-12-26 15:31:33', '2020-12-26 15:31:33'),
(76, 3, 0, 6, '<p>hello</p>', 0, 1, 0, 'Thông báo V/v: Học sinh khối Mầm non tiếp tục nghỉ học nhằm đảm bảo công tác phòng, chống dịch bệnh viêm phổi cấp do vi rút Covid-19 gây ra', '2020-12-26 15:31:33', '2020-12-26 15:31:33'),
(77, 4, 0, 61, '<p>alo phu huynh</p>', 6, 2, 0, 'asdasd sdsd', '2020-12-26 16:01:53', '2020-12-26 16:01:53'),
(78, 2, 19, 0, '<p>s</p>\r\n\r\n<div class=\"eJOY__extension_root_class\" id=\"eJOY__extension_root\" style=\"all: unset;\">&nbsp;</div>', 6, 2, 0, 'hí hí', '2020-12-26 16:39:47', '2020-12-26 16:39:47'),
(79, 4, 0, 61, '<p>đ&acirc;sdasdasd</p>', 6, 2, 0, 'Thông báo V/v: Học sinh khối Mầm non tiếp tục nghỉ học nhằm đảm bảo công tác phòng, chống dịch bệnh viêm phổi cấp do vi rút Covid-19 gây ra', '2020-12-31 03:55:41', '2020-12-31 03:55:41'),
(80, 4, 0, 61, '<p>gg</p>\r\n\r\n<div class=\"eJOY__extension_root_class\" id=\"eJOY__extension_root\" style=\"all: unset;\">&nbsp;</div>', 6, 2, 0, 'hí hí test', '2020-12-31 04:33:22', '2020-12-31 04:33:22'),
(81, 4, 0, 61, '<p>r&ecirc;tr</p>', 6, 2, 0, 'hí hí', '2020-12-31 06:48:54', '2020-12-31 06:48:54');

-- --------------------------------------------------------

--
-- Table structure for table `parents`
--

CREATE TABLE `parents` (
  `id` int(10) UNSIGNED NOT NULL,
  `parent_name` varchar(255) COLLATE utf8mb4_unicode_ci NOT NULL,
  `parent_avatar` text COLLATE utf8mb4_unicode_ci NOT NULL,
  `phone` varchar(255) COLLATE utf8mb4_unicode_ci NOT NULL,
  `password` text COLLATE utf8mb4_unicode_ci NOT NULL,
  `email` varchar(255) COLLATE utf8mb4_unicode_ci NOT NULL,
  `parent_status` int(11) NOT NULL,
  `created_at` timestamp NULL DEFAULT NULL,
  `updated_at` timestamp NULL DEFAULT NULL
) ENGINE=InnoDB DEFAULT CHARSET=utf8mb4 COLLATE=utf8mb4_unicode_ci;

--
-- Dumping data for table `parents`
--

INSERT INTO `parents` (`id`, `parent_name`, `parent_avatar`, `phone`, `password`, `email`, `parent_status`, `created_at`, `updated_at`) VALUES
(36, 'Đặng Quốc Việt', '1608480203_JaZBMzV14fzRI4vBWG8jymplSUGSGgimkqtJakOV.jpeg', '0988585568', '$2y$10$HK8imF1Z6iSjMLXgLBiMWOb4xrNJo4O50t0HFf9icdrVVED9A.3fu', 'dangquocviet@gmail.com', 1, NULL, NULL),
(37, 'Hoàng Văn Bảo', '1608480203_JaZBMzV14fzRI4vBWG8jymplSUGSGgimkqtJakOV.jpeg', '0916175566', '$2y$10$HK8imF1Z6iSjMLXgLBiMWOb4xrNJo4O50t0HFf9icdrVVED9A.3fu', 'hoangvanbao@gmail.com', 1, NULL, NULL),
(38, 'Lưu Thanh Tuấn', '1608480203_JaZBMzV14fzRI4vBWG8jymplSUGSGgimkqtJakOV.jpeg', '0987898882', '$2y$10$HK8imF1Z6iSjMLXgLBiMWOb4xrNJo4O50t0HFf9icdrVVED9A.3fu', 'luuthanhtuan@gmail.com', 1, NULL, NULL),
(39, 'Hoàng Thị Thanh Mai', '1608480203_JaZBMzV14fzRI4vBWG8jymplSUGSGgimkqtJakOV.jpeg', '0912040325', '$2y$10$HK8imF1Z6iSjMLXgLBiMWOb4xrNJo4O50t0HFf9icdrVVED9A.3fu', 'htthanhmai@gmail.com', 1, NULL, NULL),
(40, 'Nguyễn Quỳnh Hoa', '1608480203_JaZBMzV14fzRI4vBWG8jymplSUGSGgimkqtJakOV.jpeg', '0334534504', '$2y$10$HK8imF1Z6iSjMLXgLBiMWOb4xrNJo4O50t0HFf9icdrVVED9A.3fu$2y$10$w5KQvaFpEhAqp7ucaWc5iO6RX6CZRf9rxy0NL7JaxpCfCR6RZN7rO', 'nguyenquynhhoa@gmail.com', 1, NULL, NULL),
(41, 'Cao Thị Xuân Dung', '1608480203_JaZBMzV14fzRI4vBWG8jymplSUGSGgimkqtJakOV.jpeg', '0904352749', '$2y$10$HK8imF1Z6iSjMLXgLBiMWOb4xrNJo4O50t0HFf9icdrVVED9A.3fu', 'ctxuandung@gmail.com', 1, NULL, NULL),
(42, 'Đỗ Hồng Việt', '1608480203_JaZBMzV14fzRI4vBWG8jymplSUGSGgimkqtJakOV.jpeg', '0902210733', '$2y$10$HK8imF1Z6iSjMLXgLBiMWOb4xrNJo4O50t0HFf9icdrVVED9A.3fu', 'dohongviet@gmail.com', 1, NULL, NULL),
(43, 'Phạm Thị Thu Hương', '1608480203_JaZBMzV14fzRI4vBWG8jymplSUGSGgimkqtJakOV.jpeg', '0934447788', '$2y$10$HK8imF1Z6iSjMLXgLBiMWOb4xrNJo4O50t0HFf9icdrVVED9A.3fu', 'ptthuhuong@gmail.com', 1, NULL, '2020-12-20 16:03:23'),
(44, 'Ngiuyen Van', '1608523867_item_s28426.jpg', '0334534588', '$2y$10$gWMRAk3GwyrTLG18tlNm1O3lYkXTyDJx0LBmKPuSIX0/DvddqfzYS', 'phamvkhai80@gmail.com', 1, '2020-12-21 01:00:29', '2020-12-21 04:11:07'),
(45, 'sdqq qqweq ưqeqwe', '1608523727_2-10.jpg', '0334538888', '$2y$10$w5KQvaFpEhAqp7ucaWc5iO6RX6CZRf9rxy0NL7JaxpCfCR6RZN7rO', 'phamvkhai20@gmail.com', 1, '2020-12-21 02:06:27', '2020-12-21 04:08:47'),
(46, 'Trần Thị Hòa', '1608523661_tải xuống.jpeg', '0334534501', '$2y$10$5Z6NYR6BsGtWyaE/WS449.4eGz2OwO4I971PMy4osAwaivrLzOFI.', 'admin@gmail.com', 1, '2020-12-21 03:15:43', '2020-12-21 04:07:41'),
(47, 'Nguyên Ngọc Hoa', '1608523683_4785514e075bea83dae31082979bb4d704baee18.jpg', '0334534502', '$2y$10$rWAL.erGYFYDpU2Q0amt6OJRvBmf1tBpp2Oipt9dATOsV/WKJnBE6', 'long24265@gmail.com', 1, '2020-12-21 03:17:07', '2020-12-21 04:08:03'),
(48, 'Ngiuyen Van Long', '1608523706_122965.jpg', '0334534503', '$2y$10$Uf44OIGtgr/F6OwKe.qI9.pNHllHGtNRl5eqA9wcMYCYEXKLY4wYq', 'hang1@gmail.com', 1, '2020-12-21 03:19:11', '2020-12-21 04:08:26'),
(49, 'Ngiuyen Van Khang', '1608523693_timestudio.vn-headshot-eye-glasses-02.jpg', '0334534505', '$2y$10$gqaKypgi5roVlPiy6644Lu/89YI6z1mmeo6V76zE8PnbUBsQYg6ZG', 'admin@123gmail.com', 1, '2020-12-21 03:20:55', '2020-12-21 04:08:13'),
(50, 'Nguyễn Hòa Thành', '1608523647_images (1).jpeg', '0334534506', '$2y$10$CgBK9Vv9WnJVY1O5Mh15FufSQ0gg2IRAy1ND4lhIw1lu/oYv4SCXG', 'hang123@gmail.com', 1, '2020-12-21 03:27:53', '2020-12-21 04:07:27'),
(51, 'Ngiuyen Van Tố', '1608521885_7.jpg', '0334534507', '$2y$10$f5AUbevAvqO1KF7sdmJd.ubrRBPR9Hgi37kgQckhVOd2dSsh7kfca', 'hangntph0764fg8@fpt.edu.vn', 1, '2020-12-21 03:38:05', '2020-12-21 03:38:05'),
(52, 'Ngiuyen Van Thượng', '1608521990_8.jpg', '0334534508', '$2y$10$qHiC1NC05/NJ7AkWhWHDWuHIq6/H83NsVOFnOzQHuQBfvsv.u2x6u', 'admin@153gmail.com', 1, '2020-12-21 03:39:50', '2020-12-21 03:39:50'),
(53, 'Ngiuyen Trần Bình', '1608522074_8.jpg', '0334534509', '$2y$10$DB4bOin/AV9sky6AyW4Yuek44qij4Dz4Tdk5aJsO/xF1xKsRkXzo.', 'hang1rer@gmail.com', 1, '2020-12-21 03:41:14', '2020-12-21 03:41:14'),
(54, 'Trần Phú Trọng', '1608522170_9.jpeg', '0334534510', '$2y$10$Q.LPRZ.DU/H8xqASRqJVo.OJgi0ooCu1.qzPDY17X6yMo19fm3Pmm', 'adminhfhhf@gmail.com', 1, '2020-12-21 03:42:50', '2020-12-21 03:42:50'),
(55, 'Nguyễn Hữu Hợi', '1608522348_1608480182_JaZBMzV14fzRI4vBWG8jymplSUGSGgimkqtJakOV.jpeg', '0334534511', '$2y$10$13N8U54yHUO7gc8pR6RLsOke6obfSEGQR5wG7.YhHdrCu1OVQ5U2K', 'hangntph0764845@fpt.edu.vn', 1, '2020-12-21 03:45:48', '2020-12-21 03:45:48'),
(56, 'Ngiuyen Van Long', '1608523642_9.jpeg', '0334534512', '$2y$10$VML0TzfzpuzPP15hbdLv9uxMCFCiR.Dd8g5oEJlqqTaem0nzQXZMC', 'hao123@gmail.com', 1, '2020-12-21 04:07:22', '2020-12-21 04:07:22'),
(57, 'Ngiuyen Van Long', '1608523801_1608480182_JaZBMzV14fzRI4vBWG8jymplSUGSGgimkqtJakOV.jpeg', '0983840997', '$2y$10$TyUkHGk/bFxb4AlBNGuRZeW8XuHpvnQ7sQYlwaRdeatxNXvgAq5He', 'abc@gmail.com', 1, '2020-12-21 04:10:01', '2020-12-22 02:23:41'),
(58, 'Ngiuyen Van Phòng', '1608523986_19.jpg', '0334534514', '$2y$10$zaUXHlMqt1SFFxT07mlLIuAO920/qkOMPHIvCEEA.vhBrNGv4Bwq6', 'adminhoa@gmail.com', 1, '2020-12-21 04:13:06', '2020-12-21 04:13:06'),
(59, 'Ngiuyen Van Góp', '1608524141_1.jpg', '0334534515', '$2y$10$3LwZhi0dq0aj0N/8mb4AJe9hWmWuqqsfDgw4aoPp3Z1B9FOZS7Z4W', 'hang3431@gmail.com', 1, '2020-12-21 04:15:41', '2020-12-21 04:15:41'),
(60, 'Ngiuyen Van Long', '1608524775_1608480182_JaZBMzV14fzRI4vBWG8jymplSUGSGgimkqtJakOV.jpeg', '0334534516', '$2y$10$FVlUZOCdyvtiod/dSX7e3.rowIo75klqFdrVKCuOzSznhtBWgB.G.', 'hang1fg@gmail.com', 1, '2020-12-21 04:26:15', '2020-12-21 04:26:15'),
(61, 'Ngiuyen Van Xinh', '1608868865_124043131_1231087290606984_599946962580088409_n.jpg', '0334534517', '$2y$10$fZ9kJswCxqTxIK9e7t3QnOzZ3DXpidVJURgrA3Wmb181Hl8Or2nGG', 'long24265cvcv@gmail.com', 1, '2020-12-21 04:28:53', '2020-12-25 04:01:05'),
(62, 'Trần văn hoán', '1608540028_images (1).jpeg', '0853159094', '$2y$10$9Vsh/doH/NApMjFPSfZuW.eC1uX5YOsT0SklvSsaqJhd35126W6ie', 'khaipv2fff@smartosc.com', 1, '2020-12-21 06:51:38', '2020-12-21 08:40:28'),
(63, 'Nguyễn Thị Hà', '1608540010_4785514e075bea83dae31082979bb4d704baee18.jpg', '0384090401', '$2y$10$sv6aqLRm0MbsXZUkuUaWsukEt3Jsap0iuLjBdmWENPXD3mZQZczWG', 'hantph07724@fpt.edu.vn', 1, '2020-12-21 07:08:56', '2020-12-21 08:40:10'),
(64, 'bố tôi', '', '0988978668', '$2y$10$HAXPyDjHT1pakqXyPQVKDusC9FxnEdcaRL0tpPAjzoPRrimoMBAUq', 'minhdq8@fpt.edu.vn', 1, '2020-12-21 09:25:58', '2020-12-21 09:25:58'),
(65, 'Đỗ Ngọc Huy', '', '0979725163', '$2y$10$ALS217QK8IuJnIUbAZOZCeEn2SS9oDTXlLcOgdlAvgoJuggqmO.ka', 'kakalovekit0123456789@gmail.com', 1, '2020-12-22 04:44:28', '2020-12-22 04:44:28');

-- --------------------------------------------------------

--
-- Table structure for table `password_resets`
--

CREATE TABLE `password_resets` (
  `email` varchar(255) COLLATE utf8mb4_unicode_ci NOT NULL,
  `token` varchar(255) COLLATE utf8mb4_unicode_ci NOT NULL,
  `created_at` timestamp NULL DEFAULT NULL
) ENGINE=InnoDB DEFAULT CHARSET=utf8mb4 COLLATE=utf8mb4_unicode_ci;

-- --------------------------------------------------------

--
-- Table structure for table `reply_to_comments`
--

CREATE TABLE `reply_to_comments` (
  `id` int(10) UNSIGNED NOT NULL,
  `comment_id` int(10) UNSIGNED NOT NULL,
  `response_comment_id` int(10) UNSIGNED NOT NULL,
  `contact_book_id` int(10) UNSIGNED NOT NULL,
  `note` varchar(255) COLLATE utf8mb4_unicode_ci NOT NULL,
  `created_at` timestamp NULL DEFAULT NULL,
  `updated_at` timestamp NULL DEFAULT NULL
) ENGINE=InnoDB DEFAULT CHARSET=utf8mb4 COLLATE=utf8mb4_unicode_ci;

--
-- Dumping data for table `reply_to_comments`
--

INSERT INTO `reply_to_comments` (`id`, `comment_id`, `response_comment_id`, `contact_book_id`, `note`, `created_at`, `updated_at`) VALUES
(1, 1, 1, 1, 'sd', '2020-12-21 07:54:20', '2020-12-21 07:54:20'),
(2, 2, 4, 1, 'null', '2020-12-21 07:54:20', '2020-12-21 07:54:20'),
(3, 3, 7, 1, 'null', '2020-12-21 07:54:20', '2020-12-21 07:54:20'),
(4, 1, 1, 2, 'sd', '2020-12-21 07:54:20', '2020-12-21 07:54:20'),
(5, 2, 4, 2, 'null', '2020-12-21 07:54:20', '2020-12-21 07:54:20'),
(6, 3, 7, 2, 'null', '2020-12-21 07:54:20', '2020-12-21 07:54:20');

-- --------------------------------------------------------

--
-- Table structure for table `schools`
--

CREATE TABLE `schools` (
  `id` int(10) UNSIGNED NOT NULL,
  `fullname` varchar(255) COLLATE utf8mb4_unicode_ci NOT NULL,
  `phone` varchar(255) COLLATE utf8mb4_unicode_ci NOT NULL,
  `email` varchar(255) COLLATE utf8mb4_unicode_ci NOT NULL,
  `password` text COLLATE utf8mb4_unicode_ci NOT NULL,
  `status` int(11) NOT NULL,
  `created_at` timestamp NULL DEFAULT NULL,
  `updated_at` timestamp NULL DEFAULT NULL
) ENGINE=InnoDB DEFAULT CHARSET=utf8mb4 COLLATE=utf8mb4_unicode_ci;

--
-- Dumping data for table `schools`
--

INSERT INTO `schools` (`id`, `fullname`, `phone`, `email`, `password`, `status`, `created_at`, `updated_at`) VALUES
(1, 'Nhà Trường', '0987654321', 'as@gmail.com', '$2y$10$NYwgH4pT3j9yL2DdNNOG8e0ACScT7xlHz.32vnwx/6LGuYvJCRYtW', 1, NULL, '2020-12-18 09:37:11'),
(2, 'Phạm văn khải\r\n', '0334534504', 'phamvkhai20@gmail.com', '$2y$10$7XHeDNRyyfiz6uokWcOvsuy8CU29rh9z4We9.L0Zhd94.jy/FtO6.', 1, NULL, '2020-12-18 09:37:11');

-- --------------------------------------------------------

--
-- Table structure for table `school_years`
--

CREATE TABLE `school_years` (
  `id` int(10) UNSIGNED NOT NULL,
  `school_year` varchar(255) COLLATE utf8mb4_unicode_ci NOT NULL,
  `created_at` timestamp NULL DEFAULT NULL,
  `updated_at` timestamp NULL DEFAULT NULL
) ENGINE=InnoDB DEFAULT CHARSET=utf8mb4 COLLATE=utf8mb4_unicode_ci;

--
-- Dumping data for table `school_years`
--

INSERT INTO `school_years` (`id`, `school_year`, `created_at`, `updated_at`) VALUES
(6, '2015-2016', '2020-12-20 17:24:31', '2020-12-20 17:24:31'),
(7, '2016-2017', '2020-12-20 17:24:45', '2020-12-20 17:24:45'),
(8, '2017-2018', '2020-12-20 17:24:51', '2020-12-20 17:24:51'),
(9, '2018-2019', '2020-12-20 17:24:58', '2020-12-20 17:24:58'),
(10, '2020-2021', '2020-12-20 17:25:06', '2020-12-20 17:25:06');

-- --------------------------------------------------------

--
-- Table structure for table `teachers`
--

CREATE TABLE `teachers` (
  `id` int(10) UNSIGNED NOT NULL,
  `fullname` varchar(255) COLLATE utf8mb4_unicode_ci NOT NULL,
  `phone` varchar(255) COLLATE utf8mb4_unicode_ci NOT NULL,
  `email` varchar(255) COLLATE utf8mb4_unicode_ci NOT NULL,
  `password` text COLLATE utf8mb4_unicode_ci NOT NULL,
  `avatar` text COLLATE utf8mb4_unicode_ci NOT NULL,
  `date_of_birth` date NOT NULL,
  `gender` int(11) NOT NULL,
  `status` int(11) NOT NULL,
  `created_at` timestamp NULL DEFAULT NULL,
  `updated_at` timestamp NULL DEFAULT NULL
) ENGINE=InnoDB DEFAULT CHARSET=utf8mb4 COLLATE=utf8mb4_unicode_ci;

--
-- Dumping data for table `teachers`
--

INSERT INTO `teachers` (`id`, `fullname`, `phone`, `email`, `password`, `avatar`, `date_of_birth`, `gender`, `status`, `created_at`, `updated_at`) VALUES
(1, 'Quân Vũ123', '0983840997', 'anhquanvu97@gmail.com', '$2y$10$HK8imF1Z6iSjMLXgLBiMWOb4xrNJo4O50t0HFf9icdrVVED9A.3fu', '1608482590_JaZBMzV14fzRI4vBWG8jymplSUGSGgimkqtJakOV.jpeg', '2020-12-08', 1, 1, '2020-12-11 09:57:31', '2020-12-20 16:43:10'),
(2, 'Đỗ tuyết loan', '0987654323', '3123123@gmail.com', '$2y$10$.bya1IRmimbiX4JP92SqYu1UrCWZgdCT21c5JqoJhE0FqboptzGvi', '1608523986_co-giao-nha-ngươi-ta.png', '2020-12-02', 1, 1, '2020-12-18 10:08:23', '2020-12-21 04:13:06'),
(3, 'Minh Hằng', '0983240997', 'anhqua23123nvu923127@gmail.com', '$2y$10$Bw9y0lR2JBN8J5GMpEMQeO9rPY78xqJijfqItruEwFH6JLqMqZET.', '1608524075_photo-1-15754287031761111158468.jpg', '2020-12-03', 1, 1, '2020-12-18 10:27:39', '2020-12-21 04:14:35'),
(4, 'Nguyễn Mỹ Linh', '0983840957', 'anhquanvu2312923127@gmail.com', '$2y$10$P6GYlo.qWS5hGya.Kj4s7u2ph2N6mNCy9ruA9uyTPLmTM4vAoOUzS', '1608524016_6711563638270_2047.jpg', '2020-12-02', 1, 1, '2020-12-18 10:50:31', '2020-12-21 04:13:36'),
(5, 'Kiều Thị Loan', '0981840924', 'anhquanvu9237@gmail.com', '$2y$10$F6C1rc/S0QhyI1GUQNIB3ex2.VKxao9QDY3koeObkjs6IFVxkxsGy', '1608537834_portrait-photography_1661.jpg', '2020-12-03', 1, 1, '2020-12-20 16:42:31', '2020-12-21 08:03:54'),
(6, 'Ngô Thị Linh', '0334534504', 'phamvkhai20@gmail.com', '$2y$10$GmzArYr4rfigV5Ypdn1iRe6JSIeRa8DB.tZSCpjmaENpPOEYhyRF6', '1608999571_120073694_355816092463060_2794611269091633724_o.jpg', '2000-06-19', 0, 1, '2020-12-20 17:26:59', '2020-12-26 16:19:31'),
(7, 'nguyen thi ha', '0384090401', 'hantoph07724@fpt.edu.vn', '$2y$10$JORTb9.BFB8.QeprvWHLgOM9JrhqLLU1m7eYidE9oGLv.h1/3Z8OK', '1608535843_6711563638270_2047.jpg', '2000-12-29', 0, 1, '2020-12-21 07:19:23', '2020-12-21 07:30:43');

-- --------------------------------------------------------

--
-- Table structure for table `users`
--

CREATE TABLE `users` (
  `id` bigint(20) UNSIGNED NOT NULL,
  `name` varchar(255) COLLATE utf8mb4_unicode_ci NOT NULL,
  `email` varchar(255) COLLATE utf8mb4_unicode_ci NOT NULL,
  `email_verified_at` timestamp NULL DEFAULT NULL,
  `password` varchar(255) COLLATE utf8mb4_unicode_ci NOT NULL,
  `remember_token` varchar(100) COLLATE utf8mb4_unicode_ci DEFAULT NULL,
  `created_at` timestamp NULL DEFAULT NULL,
  `updated_at` timestamp NULL DEFAULT NULL
) ENGINE=InnoDB DEFAULT CHARSET=utf8mb4 COLLATE=utf8mb4_unicode_ci;

--
-- Indexes for dumped tables
--

--
-- Indexes for table `activities`
--
ALTER TABLE `activities`
  ADD PRIMARY KEY (`id`);

--
-- Indexes for table `admission_records`
--
ALTER TABLE `admission_records`
  ADD PRIMARY KEY (`id`);

--
-- Indexes for table `assignment`
--
ALTER TABLE `assignment`
  ADD PRIMARY KEY (`id`),
  ADD KEY `assignment_school_year_id_foreign` (`school_year_id`),
  ADD KEY `assignment_class_id_foreign` (`class_id`),
  ADD KEY `assignment_teacher_id_foreign` (`teacher_id`);

--
-- Indexes for table `attendance`
--
ALTER TABLE `attendance`
  ADD PRIMARY KEY (`id`),
  ADD KEY `attendance_kid_id_foreign` (`kid_id`),
  ADD KEY `attendance_class_id_foreign` (`class_id`);

--
-- Indexes for table `categories`
--
ALTER TABLE `categories`
  ADD PRIMARY KEY (`id`);

--
-- Indexes for table `child_receipt_history`
--
ALTER TABLE `child_receipt_history`
  ADD PRIMARY KEY (`id`);

--
-- Indexes for table `classes`
--
ALTER TABLE `classes`
  ADD PRIMARY KEY (`id`),
  ADD KEY `classes_grade_id_foreign` (`grade_id`),
  ADD KEY `classes_school_year_id_foreign` (`school_year_id`);

--
-- Indexes for table `comment_response_form`
--
ALTER TABLE `comment_response_form`
  ADD PRIMARY KEY (`id`),
  ADD KEY `comment_response_form_comment_id_foreign` (`comment_id`);

--
-- Indexes for table `config`
--
ALTER TABLE `config`
  ADD PRIMARY KEY (`id`);

--
-- Indexes for table `contact_book`
--
ALTER TABLE `contact_book`
  ADD PRIMARY KEY (`id`),
  ADD KEY `contact_book_kid_id_foreign` (`kid_id`),
  ADD KEY `contact_book_class_id_foreign` (`class_id`),
  ADD KEY `contact_book_teacher_id_foreign` (`teacher_id`);

--
-- Indexes for table `failed_jobs`
--
ALTER TABLE `failed_jobs`
  ADD PRIMARY KEY (`id`);

--
-- Indexes for table `form_comment`
--
ALTER TABLE `form_comment`
  ADD PRIMARY KEY (`id`);

--
-- Indexes for table `grades`
--
ALTER TABLE `grades`
  ADD PRIMARY KEY (`id`);

--
-- Indexes for table `histories`
--
ALTER TABLE `histories`
  ADD PRIMARY KEY (`id`),
  ADD KEY `histories_kid_id_foreign` (`kid_id`),
  ADD KEY `histories_class_id_foreign` (`class_id`);

--
-- Indexes for table `kids`
--
ALTER TABLE `kids`
  ADD PRIMARY KEY (`id`),
  ADD KEY `kids_class_id_foreign` (`class_id`),
  ADD KEY `kids_parent_id_foreign` (`parent_id`);

--
-- Indexes for table `migrations`
--
ALTER TABLE `migrations`
  ADD PRIMARY KEY (`id`);

--
-- Indexes for table `notifications`
--
ALTER TABLE `notifications`
  ADD PRIMARY KEY (`id`);

--
-- Indexes for table `parents`
--
ALTER TABLE `parents`
  ADD PRIMARY KEY (`id`),
  ADD UNIQUE KEY `parents_email_unique` (`email`);

--
-- Indexes for table `password_resets`
--
ALTER TABLE `password_resets`
  ADD KEY `password_resets_email_index` (`email`);

--
-- Indexes for table `reply_to_comments`
--
ALTER TABLE `reply_to_comments`
  ADD PRIMARY KEY (`id`),
  ADD KEY `reply_to_comments_comment_id_foreign` (`comment_id`),
  ADD KEY `reply_to_comments_response_comment_id_foreign` (`response_comment_id`),
  ADD KEY `reply_to_comments_contact_book_id_foreign` (`contact_book_id`);

--
-- Indexes for table `schools`
--
ALTER TABLE `schools`
  ADD PRIMARY KEY (`id`),
  ADD UNIQUE KEY `schools_phone_unique` (`phone`),
  ADD UNIQUE KEY `schools_email_unique` (`email`);

--
-- Indexes for table `school_years`
--
ALTER TABLE `school_years`
  ADD PRIMARY KEY (`id`);

--
-- Indexes for table `teachers`
--
ALTER TABLE `teachers`
  ADD PRIMARY KEY (`id`),
  ADD UNIQUE KEY `teachers_email_unique` (`email`);

--
-- Indexes for table `users`
--
ALTER TABLE `users`
  ADD PRIMARY KEY (`id`),
  ADD UNIQUE KEY `users_email_unique` (`email`);

--
-- AUTO_INCREMENT for dumped tables
--

--
-- AUTO_INCREMENT for table `activities`
--
ALTER TABLE `activities`
  MODIFY `id` int(10) UNSIGNED NOT NULL AUTO_INCREMENT;

--
-- AUTO_INCREMENT for table `admission_records`
--
ALTER TABLE `admission_records`
  MODIFY `id` bigint(20) UNSIGNED NOT NULL AUTO_INCREMENT, AUTO_INCREMENT=15;

--
-- AUTO_INCREMENT for table `assignment`
--
ALTER TABLE `assignment`
  MODIFY `id` int(10) UNSIGNED NOT NULL AUTO_INCREMENT, AUTO_INCREMENT=20;

--
-- AUTO_INCREMENT for table `attendance`
--
ALTER TABLE `attendance`
  MODIFY `id` int(10) UNSIGNED NOT NULL AUTO_INCREMENT, AUTO_INCREMENT=156;

--
-- AUTO_INCREMENT for table `categories`
--
ALTER TABLE `categories`
  MODIFY `id` int(10) UNSIGNED NOT NULL AUTO_INCREMENT;

--
-- AUTO_INCREMENT for table `child_receipt_history`
--
ALTER TABLE `child_receipt_history`
  MODIFY `id` bigint(20) UNSIGNED NOT NULL AUTO_INCREMENT, AUTO_INCREMENT=2;

--
-- AUTO_INCREMENT for table `classes`
--
ALTER TABLE `classes`
  MODIFY `id` int(10) UNSIGNED NOT NULL AUTO_INCREMENT, AUTO_INCREMENT=25;

--
-- AUTO_INCREMENT for table `comment_response_form`
--
ALTER TABLE `comment_response_form`
  MODIFY `id` int(10) UNSIGNED NOT NULL AUTO_INCREMENT, AUTO_INCREMENT=13;

--
-- AUTO_INCREMENT for table `config`
--
ALTER TABLE `config`
  MODIFY `id` int(11) UNSIGNED NOT NULL AUTO_INCREMENT, AUTO_INCREMENT=23;

--
-- AUTO_INCREMENT for table `contact_book`
--
ALTER TABLE `contact_book`
  MODIFY `id` int(10) UNSIGNED NOT NULL AUTO_INCREMENT, AUTO_INCREMENT=3;

--
-- AUTO_INCREMENT for table `failed_jobs`
--
ALTER TABLE `failed_jobs`
  MODIFY `id` bigint(20) UNSIGNED NOT NULL AUTO_INCREMENT;

--
-- AUTO_INCREMENT for table `form_comment`
--
ALTER TABLE `form_comment`
  MODIFY `id` int(10) UNSIGNED NOT NULL AUTO_INCREMENT, AUTO_INCREMENT=6;

--
-- AUTO_INCREMENT for table `grades`
--
ALTER TABLE `grades`
  MODIFY `id` int(10) UNSIGNED NOT NULL AUTO_INCREMENT, AUTO_INCREMENT=6;

--
-- AUTO_INCREMENT for table `histories`
--
ALTER TABLE `histories`
  MODIFY `id` int(10) UNSIGNED NOT NULL AUTO_INCREMENT, AUTO_INCREMENT=66;

--
-- AUTO_INCREMENT for table `kids`
--
ALTER TABLE `kids`
  MODIFY `id` int(10) UNSIGNED NOT NULL AUTO_INCREMENT, AUTO_INCREMENT=58;

--
-- AUTO_INCREMENT for table `migrations`
--
ALTER TABLE `migrations`
  MODIFY `id` int(10) UNSIGNED NOT NULL AUTO_INCREMENT, AUTO_INCREMENT=24;

--
-- AUTO_INCREMENT for table `notifications`
--
ALTER TABLE `notifications`
  MODIFY `id` int(10) UNSIGNED NOT NULL AUTO_INCREMENT, AUTO_INCREMENT=82;

--
-- AUTO_INCREMENT for table `parents`
--
ALTER TABLE `parents`
  MODIFY `id` int(10) UNSIGNED NOT NULL AUTO_INCREMENT, AUTO_INCREMENT=70;

--
-- AUTO_INCREMENT for table `reply_to_comments`
--
ALTER TABLE `reply_to_comments`
  MODIFY `id` int(10) UNSIGNED NOT NULL AUTO_INCREMENT, AUTO_INCREMENT=7;

--
-- AUTO_INCREMENT for table `schools`
--
ALTER TABLE `schools`
  MODIFY `id` int(10) UNSIGNED NOT NULL AUTO_INCREMENT, AUTO_INCREMENT=3;

--
-- AUTO_INCREMENT for table `school_years`
--
ALTER TABLE `school_years`
  MODIFY `id` int(10) UNSIGNED NOT NULL AUTO_INCREMENT, AUTO_INCREMENT=11;

--
-- AUTO_INCREMENT for table `teachers`
--
ALTER TABLE `teachers`
  MODIFY `id` int(10) UNSIGNED NOT NULL AUTO_INCREMENT, AUTO_INCREMENT=8;

--
-- AUTO_INCREMENT for table `users`
--
ALTER TABLE `users`
  MODIFY `id` bigint(20) UNSIGNED NOT NULL AUTO_INCREMENT;

--
-- Constraints for dumped tables
--

--
-- Constraints for table `assignment`
--
ALTER TABLE `assignment`
  ADD CONSTRAINT `assignment_class_id_foreign` FOREIGN KEY (`class_id`) REFERENCES `classes` (`id`) ON DELETE CASCADE,
  ADD CONSTRAINT `assignment_school_year_id_foreign` FOREIGN KEY (`school_year_id`) REFERENCES `school_years` (`id`) ON DELETE CASCADE,
  ADD CONSTRAINT `assignment_teacher_id_foreign` FOREIGN KEY (`teacher_id`) REFERENCES `teachers` (`id`) ON DELETE CASCADE;

--
-- Constraints for table `attendance`
--
ALTER TABLE `attendance`
  ADD CONSTRAINT `attendance_class_id_foreign` FOREIGN KEY (`class_id`) REFERENCES `classes` (`id`) ON DELETE CASCADE,
  ADD CONSTRAINT `attendance_kid_id_foreign` FOREIGN KEY (`kid_id`) REFERENCES `kids` (`id`) ON DELETE CASCADE;

--
-- Constraints for table `classes`
--
ALTER TABLE `classes`
  ADD CONSTRAINT `classes_grade_id_foreign` FOREIGN KEY (`grade_id`) REFERENCES `grades` (`id`) ON DELETE CASCADE,
  ADD CONSTRAINT `classes_school_year_id_foreign` FOREIGN KEY (`school_year_id`) REFERENCES `school_years` (`id`) ON DELETE CASCADE;

--
-- Constraints for table `comment_response_form`
--
ALTER TABLE `comment_response_form`
  ADD CONSTRAINT `comment_response_form_comment_id_foreign` FOREIGN KEY (`comment_id`) REFERENCES `form_comment` (`id`) ON DELETE CASCADE;

--
-- Constraints for table `contact_book`
--
ALTER TABLE `contact_book`
  ADD CONSTRAINT `contact_book_class_id_foreign` FOREIGN KEY (`class_id`) REFERENCES `classes` (`id`) ON DELETE CASCADE,
  ADD CONSTRAINT `contact_book_kid_id_foreign` FOREIGN KEY (`kid_id`) REFERENCES `kids` (`id`) ON DELETE CASCADE,
  ADD CONSTRAINT `contact_book_teacher_id_foreign` FOREIGN KEY (`teacher_id`) REFERENCES `teachers` (`id`) ON DELETE CASCADE;

--
-- Constraints for table `histories`
--
ALTER TABLE `histories`
  ADD CONSTRAINT `histories_class_id_foreign` FOREIGN KEY (`class_id`) REFERENCES `classes` (`id`) ON DELETE CASCADE,
  ADD CONSTRAINT `histories_kid_id_foreign` FOREIGN KEY (`kid_id`) REFERENCES `kids` (`id`) ON DELETE CASCADE;

--
-- Constraints for table `kids`
--
ALTER TABLE `kids`
  ADD CONSTRAINT `kids_class_id_foreign` FOREIGN KEY (`class_id`) REFERENCES `classes` (`id`) ON DELETE CASCADE,
  ADD CONSTRAINT `kids_parent_id_foreign` FOREIGN KEY (`parent_id`) REFERENCES `parents` (`id`) ON DELETE CASCADE;

--
-- Constraints for table `reply_to_comments`
--
ALTER TABLE `reply_to_comments`
  ADD CONSTRAINT `reply_to_comments_comment_id_foreign` FOREIGN KEY (`comment_id`) REFERENCES `form_comment` (`id`) ON DELETE CASCADE,
  ADD CONSTRAINT `reply_to_comments_contact_book_id_foreign` FOREIGN KEY (`contact_book_id`) REFERENCES `contact_book` (`id`) ON DELETE CASCADE,
  ADD CONSTRAINT `reply_to_comments_response_comment_id_foreign` FOREIGN KEY (`response_comment_id`) REFERENCES `comment_response_form` (`id`) ON DELETE CASCADE;

/*!40101 SET CHARACTER_SET_CLIENT=@OLD_CHARACTER_SET_CLIENT */;
/*!40101 SET CHARACTER_SET_RESULTS=@OLD_CHARACTER_SET_RESULTS */;
/*!40101 SET COLLATION_CONNECTION=@OLD_COLLATION_CONNECTION */;
